Judul,Label
Prabowo & PM Malaysia Sepakat Kelola Bersama Harta Karun Migas di Ambalat,0
KAI Lanjutkan Uji Coba Percepatan Perjalanan Commuter Line Basoetta,0
Gajian Cuma Numpang Lewat? Yuk Terapkan Metode Budgeting 50:30:20,1
"Turun Gunung, Kim Jong Un Bangun Bisnis Pariwisata Korut",1
"Mulai Rangkulan, AS Kini Bisa Nikmati Harta Karun China",1
Berapa Lama Utang Pinjol Bisa Hilang dari Catatan Kredit?,1
"Atasi Kendala Transaksi, DANA Buka Posko Keliling Offline & Online",0
"Imbas Tarif Trump, Produksi Kendaraan di Inggris Anjlok",0
"Video idEA ke Pemerintah: Tolong Perhatikan, E-Commerce Masih Penuh Tekanan",0
Prabowo dan Anwar Ibrahim Sepakat Percepat Kerja Sama Ekonomi,0
Krisis Beras di Jepang Mulai Mereda,0
Koperasi Merah Putih Disiapkan Jadi Gerai Sembako Modern,0
"BSI Gelar International Expo 2025, Dorong Pertumbuhan Ekosistem Halal RI",0
Eks Stafsus Sri Mulyani Bicara soal Pajak Pedagang di Toko Online,0
Gaji Kepala Desa Tertinggi Ada di Provinsi Ini!,1
"Video Pajak 0,5% E-Commerce, idEA: Tak Berat, Tapi Mekanismenya Harus Jelas",0
"PM Malaysia Tiba di Istana Negara, Disambut Airlangga hingga Rosan",0
Koperasi Merah Putih Bisa Jadi Dapur-Pemasok Makan Bergizi Gratis,0
"PLTP 55 MW di Lampung Diresmikan Prabowo, Serap 249 Tenaga Kerja",0
"Israel-Iran 'Damai', Harga Minyak Dunia Turun",0
Begini Syarat Dapat Diskon Tarif Tol 20% Selama Long Weekend,1
"Rugikan Konsumen Rp 99 T Per Tahun, Pengusaha Beras Curang Bakal Ditindak",0
Tips Mengatur Gaji Bulanan Agar Bisa Nabung dan Liburan,1
Turun Lagi! Harga Emas Hari Ini Anjlok Jadi Segini,1
Prabowo Resmikan Peningkatan Produksi 30 Ribu Barel Minyak di Blok Cepu,0
"Operasi ODOL, 75 Truk Obesitas di Lima Ruas Tol Ditindak",0
RI Gandeng Perusahaan Turki Kembangkan Komunikasi Satelit,0
"Kementan Endus Kecurangan Beras, Rugikan Konsumen Rp 99,35 T Per Tahun",0
"PLTP Pertamina di Lampung Diresmikan Prabowo, Kapasitas 55 MW",0
Buka Alfamart Butuh Duit Berapa? Simulasi Modal & Keuntungannya,1
Produk Halal RI Bakal Digeber buat Ekspor,0
"RI Punya Proyek Pembangkit Energi Terbarukan di 15 Provinsi, Nilainya Rp 25 T",0
Madu Buatan UMKM RI Tembus Ekspor,0
Naik-Turun Penumpang di Stasiun Tanah Abang Berubah Mulai 29 Juni,0
"Pinjol Ilegal Vs Legal, Ini Ciri dan Cara Mengenalinya",1
Alasan Anggaran Makan Bergizi Gratis Ditambah Jadi Rp 121 T,0
Komentar Tajam Netizen ke Sri Mulyani Terkait Pedagang di Toko Online Dipajaki,1
"Perusahaan Merry Riana Mau IPO, 'Bekingnya' Konglomerat Kakap",1
Daftar Tol Jasa Marga Diskon Tarif 20% Mulai Hari Ini,1
"Cara Dapat Rp 15 Juta dari BPJS Ketenagakerjaan, Ini Syaratnya",1
Jutaan Pedagang di Tokopedia-Shopee Bakal Kena Pajak,1
"Apindo Dukung Rencana Pemungutan Pajak 0,5% untuk Penjual di e-Commerce",0
"Negosiasi Tarif Masih Jalan, Airlangga Sebut AS Tak Banyak Permintaan",0
"Menhub Ungkap Dampak Buruk Truk ODOL: Bikin Rugi Rp 43,4 Triliun-Kecelakaan",1
"Persiapan Akhir Stasiun Tanah Abang Baru, Siap Sambut Pengalihan Penumpang",0
Pendapatan Toko Kopi Ini Tembus Rp 1 Triliun,1
Terungkap Alasan Pengusaha Masih Operasikan Truk ODOL,1
Wamen ESDM Ungkap Pabrik Bioetanol Bojonegoro Sudah Dapat Jatah Gas,0
"Menhub Respons Demo Tolak Zero ODOL, Sebut Pengusaha Minta Insentif",0
Potret BSI International Expo 2025 Ramai Dikunjungi Warga,0
Ada Diskon Tarif buat Jalan Tol Ini Selama Momen Libur Sekolah,1
"Aturan soal Taksi Terbang Lagi Digodok, Ini Bocorannya",1
OJK soal BSI Spin Off dari Bank Mandiri: Sedang Proses,0
"Barang Sitaan Ditjen Pajak Jakarta Dilelang, Rp 840 Juta Masuk Kas Negara",0
"Gelar International Expo 2025, BSI Targetkan Transaksi Rp 2,4 T",0
"Danantara Bakal Suntik PGE Rp 1,95 T buat Pengembangan Panas Bumi",0
Bahlil Pede Target Lifting Migas di APBN Bisa Tercapai!,1
Pesan Prabowo buat Pejabat Pemerintah-BUMN: Beri yang Terbaik buat Rakyat!,1
Dirut BSI: Ekonomi Syariah Harus Jadi Arus Utama Ekonomi Nasional,0
"Long Weekend, Ini Skema Layanan Perbankan BRI",1
"Revisi Permendag soal Impor Rampung, Bakal Diumumkan Pekan Depan",0
Ternyata Cita-cita Berantas Truk ODOL Mandek 16 Tahun!,1
"Pembangunan Stasiun Tanah Abang Baru Telan Rp 338 M, Bakal Lanjut Tahap II",0
"KFC Berdarah-darah, Tercekik Rugi Sampai Harus Dibantu 2 'Raksasa'",1
Bos BGN Jelaskan Skema Makan Bergizi Gratis Selama Libur Sekolah,0
Kenapa Tagihan Pinjol Terus Bertambah? Ini Penyebabnya,1
Satgas PHK Bakal Meluncur Bulan Depan,0
Zulhas Buka Suara soal Anggaran Makan Bergizi Gratis Jadi Rp 121 T,0
"Pedagang di Tokopedia-Shopee Mau Kena Pajak, Harga Barang Bakal Naik",1
"Saham Lagi Murah, Emiten Ini Buyback Rp 20 M dan Guyur Dividen",1
Video: Prabowo Targetkan Seluruh Desa di RI Teraliri Listrik pada 2029,0
"Pedagang Online di e-Commerce Bakal Kena Pajak, Mendag Jawab Begini",1
Bahlil Sebut Investasi Blok Cepu Beri Pedapatan Negara 8 Kali Lipat dari Modal,0
"Belum Setahun, Dua Direksi MDTV Kompak Mundur di Hari yang Sama",1
Anggaran Makan Bergizi Gratis Ditambah Jadi Rp 121 Triliun!,1
"Waspada Lewati Perlintasan Saat Libur Panjang, KAI Properti Beberkan Aturannya",0
DANA Bisnis Bantu Odysen Barbershop Rapi Kelola Transaksi & Ekspansi,0
Simak! Ada Perubahan Naik-Turun Penumpang di Stasiun Tanah Abang Mulai 29 Juni,1
Mendag Optimistis Perang Israel Vs Iran Tak Pengaruh ke Ekspor RI,0
"Surplus Neraca Dagang RI Terendah dalam 60 Bulan, Mendag Ungkap Penyebabnya",1
"Jualan di Tokopedia-Shopee Bakal Kena Pajak, Jutaan Pedagang Kena Dampak",1
Video: Prabowo Minta Maaf Tak Resmikan Langsung Pembangkit Listrik di Jatim,0
Asosiasi e-Commerce Minta Pajak Pedagang Toko Online Bertahap,0
"Gudang Garam Goyang, Harta Bos Rokok Raib Rp 100 Triliun!",1
"Awalnya Cuma Iseng Bikin Anting, Wanita Ini Raup Puluhan Juta Per Bulan",1
"Jarang Tersorot, Ini Sosok Keluarga di Balik Taman Safari Indonesia",1
"Utamakan Keamanan, Pertamina Evakuasi 7 Pekerja dari Irak",0
Prabowo Mau Genjot Energi Surya buat Terangi Desa-desa di RI,0
"Long Weekend, Besok Tarif Tol Diskon 20%",0
Prabowo Yakin RI Bisa Bertahan di Tengah Krisis Pangan Dunia,0
"Bukan Hanya SLIK, Ini Faktor Lain dalam Penilaian KPR Perbankan",1
"Perdagangan RI-Australia Tekor, Kemendag Genjot Lewat Ekspor Produk Halal",0
"Mentan Ungkap Anomali Harga Beras Naik, Singgung Kerugian Tembus Rp 99 T",1
"Ada Konglomerat Kakap di Balik IPO Perusahaan Merry Riana, Ini Sosoknya",1
Pengusaha Tekstil Bicara Impor Benang Filamen Bebas Bea Masuk Antidumping,0
"Prabowo Ngobrol Bareng Bos ExxonMobil, Janji Bakal Datang ke Blok Cepu",0
Kenapa DJP Minta e-Commerce Pungut Pajak Penjual? Ini Alasannya,1
RI Butuh Sistem Resi Gudang yang Transparan buat Bisnis Logistik,0
Pemerintah Mau Geber Sektor Pariwisata buat Genjot Ekonomi,0
Ekspor Makanan dan Minuman RI Tembus Rp 680 Triliun,0
Gangguan Cuaca Bikin Prabowo Absen ke Peresmian PLTP Ijen-Produksi Migas Cepu,0
Prabowo Resmikan Puluhan Pembangkit Energi Terbarukan di 15 Provinsi,0
Prabowo Resmikan Tambahan Produksi Minyak di Blok Cepu 30 Ribu BOPD,0
"Pedagang di Toko Online Bakal Dipajaki, DJP: Bukan Pajak Baru",0
"Karyawan Swasta Bisa Dapat Dana Pensiun Juga, Ini Caranya",1
"Potret Selat Hormuz, Titik Rawan Jalur Minyak Dunia",1
"Permendag 15/2025 Terbit, Tingkatkan Perlindungan Konsumen-Mutu Produk",0
"Mendag Terbitkan Permendag 14/2025, Atur Promosi Dagang-Penguatan Citra RI",0
Grup Djarum Borong Saham RS Hermina Rp 1 Triliun!,1
"Pedagang di Toko Online Mau Dipajaki, Instagram Sri Mulyani Diserbu Warganet",1
"Ingat! Besok Diskon Tarif Tol Berlaku Lagi, Ini Ruasnya",1
"Erick Ungkap Rencana Pembangunan KEK Kesehatan Baru, Ini Bocorannya",1
"Prabowo Resmikan Bali International Hospital, Hadirkan Fasilitas Kelas Dunia",0
Ekspor Produk Pulp & Paper RI Tembus Rp 131 Triliun,0
Quraish Shihab dan 2 Dewan Syariah Mundur Serentak dari CIMB Niaga,0
Krakatau Steel Tunjuk Hendro Martowardojo Jadi Komisaris Utama,0
Dampak Positif dan Negatif Kehadiran Investor China di RI,0
"Perusahaan Sepatu Bata Merugi, Kini Ditinggalkan Presiden Komisarisnya",1
Mau Buka Usaha Makanan tapi Modal Minim? Ini Solusinya,1
Dirjen Pajak Baru Ingatkan Pegawai DJP Tolak & Laporkan Gratifikasi,0
"Keponakan Luhut Jadi Komisaris Perusahaan Raam Punjabi, Ario Bayu Dirut",1
Rp 150 T Melayang Gara-gara Warga RI Berobat ke Luar Negeri,1
IHSG Pagi Ini Dibuka Turun ke Level 6.826,0
Harga Emas Antam Hari Ini Turun! Jadi Segini Per Gram,1
Dolar AS Pagi Ini Melemah ke Rp 16.282,0
Anggaran Jumbo yang Dikucurkan Israel buat Serang Iran,1
Taksi Terbang Uji Coba di Langit PIK 2,1
Shell Bantah Isu Bakal Caplok BP,0
"Mulai 1 Juli, Kopdes Merah Putih Bisa Ajukan Pinjaman Modal",0
"Thailand Bakal Cabut Legalitas Ganja, Industri Rp 16,2 T Terancam",1
Daftar Tunjangan ASN Terbaru yang Berlaku Tahun Ini,1
"Penjual di E-commerce Terancam Kena Pajak 0,5 Persen",1
"Fenomena Lulusan Sarjana Jadi Sopir hingga ART, Ada Apa?",1
Dedi Mulyadi Buka Suara soal Aksi Premanisme Proyek di Jabar,0
"Bahlil Bentuk Ditjen Gakkum, Pejabatnya Eks Jaksa-Polisi",0
Penjelasan DJP soal Pedagang di Toko Online Bakal Dipajaki,0
Bansos Dicabut Mendadak? Ini Penyebab dan Solusinya,1
Siap-siap! Pedagang di Shopee-Tokopedia Bakal Kena Pajak,1
Tawaran Bapak Asuh Mengalir buat Kopdes Merah Putih,1
Bea Cukai Musnahkan 64 Juta Rokok dan MMEA Ilegal,0
"Didesak AS, NATO Akhirnya Dongkrak Belanja Militer Jadi 5% PDB",1
Koperasi Desa Merah Putih Ditargetkan Ciptakan 2 Juta Lapangan Kerja,0
Warga AS Cemas Kondisi Ekonomi Era Trump,1
"Ketua KPPU Ngobrol Bareng Luhut, Bahas Sinergi dengan Pemerintah",0
Proyek Fasilitas Uji Kendaraan Kelas Dunia di Bekasi Rampung,0
Video: Melihat Bandara Husein Sastranegara yang Kini Sepi Aktivitas,1
"Listrik dari Atas Air, PLTS Terapung Tambaklorok Hasilkan Energi Bersih",0
"Terobosan Baru Pegadaian, Emas Fisik Kini Bisa Langsung Jadi Tabungan Emas",1
"Bank Tanah-Kadin Jajaki Kerja Sama, Penyediaan Tanah Dijamin Clean & Clear",0
"Ada Ditjen Gakkum ESDM, Bahlil: Bisa Langsung Eksekusi Pelanggaran Tambang",1
"Bandara Husein Mau Dibuka Lagi, Pemkot Bandung Gerak Cepat",1
Singkong-Tapioka RI Nggak Laku di Negeri Sendiri Gegara Banjir Impor,1
Emiten Kesehatan Ini Sebar Dividen Rp 137 M,0
"Resmikan KEK Kesehatan Sanur, Prabowo: Saya Berbahagia",0
Shopee Bantu Pengusaha Kecil Bertumbuh Lewat Program 'UMKM Paten',0
5 Industri Ini Paling Terpukul Jika Selat Hormuz Ditutup Iran,1
BPKH Didorong Punya Bandara dan Hotel Khusus Jemaah Haji,0
"Iran 'Usir' Badan Nuklir PBB, Tuding Tak Kredibel!",1
Produk Baja RI Siap Hadapi Aturan Karbon Uni Eropa,0
"Samator Teken MoU dengan Asosiasi Gas di China, Dorong Energi Berkelanjutan",0
LRT Jabodebek Uji Coba Layanan Penitipan Barang di Stasiun Halim,0
IHSG Ditutup Melemah ke Level 6.832,0
"Warga di Pulau Enggano 'Terisolasi', Trenggono Buka Suara",1
Top Up Tabungan Emas Jadi Makin Praktis dengan Layanan Setor Fisik Emas,1
Kinerja Manufaktur RI Bisa Jeblok Jika Selat Hormuz Ditutup,1
Petani Singkong-Produsen Tapioka Teriak Gegara Banjir Impor,1
RI Kehilangan Rp 150 T/Tahun Gegara Banyak Orang Berobat ke Luar Negeri,1
"Ditarget Rampung Bulan Depan, Pembangunan Sekolah Rakyat Tahap I Tembus 61,78%",0
"Trump Mendadak Sebut China Boleh Terus Beli Minyak Iran, Ada Apa?",1
"Dedi Mulyadi soal Premanisme di Jabar: Dengar Proyek, Berarti Duit!",1
Rokok Ilegal Dinilai Bisa Makin Menjamur Gara-gara Ini,1
Emiten Sandiaga Uno Tebar Dividen Rp 200 M,0
"Ekspor Batik RI Capai Rp 123 M, Tembus Pasar Afrika Selatan-China",0
Pelindo Keruk Alur Pelayaran Pelabuhan Bengkulu,0
DJP Buka Suara soal Rencana Pajaki Pedagang di Toko Online,1
BEI Mau Buka Kode Domisili Investor Gegara Transaksi Saham Jeblok,1
Laporan Keuangan BI Dapat Opini WTP dari BPK,0
"Trenggono Sebut Ikan di Waduk Cirata Mengandung Merkuri, Tak Layak Dikonsumsi",1
"Perusahaan Ini Ekspor 6 Ribu Ton CPO ke India, Sumbang Rp 14 M ke Negara",1
DPR Sebut Langkah Danantara Suntik Modal ke Garuda Harus Dikawal,0
Laba Pertamina International Shipping Melesat Jadi Rp 9 T,1
"Trenggono Tegaskan Tidak Ada Pulau yang Dijual, Mau Diawasi Pakai Satelit",0
Mitigasi Ekonomi RI di Masa Perang Iran-Israel,0
Dedi Mulyadi Sebut Revitalisasi Tambak Pantura Bisa Kerek Ekonomi Jabar,0
"Eks Jaksa-Polisi Jadi Pejabat Gakkum ESDM, Bahlil: Nanti Ada dari KPK & TNI",1
"Dapat Restu OJK, BEI Mau Buka Kode Domisili Investor",1
"Biaya Perang Besar, Israel Dikepung 39.000 Klaim Ganti Rugi",1
"Ada Pendangkalan Alur, Transportasi Laut Pulau Enggano Tetap Jalan",0
Apakah Pinjol Bisa Melacak Keberadaan Nasabah?,1
BEI Mau Terapkan Layanan Transaksi Short Selling Mulai 26 September,0
Video: Pedagang di Shopee Cs Bakal Kena Pajak,1
Danantara Bakal Gelontorkan Rp 26 T buat Revitalisasi 20 Ribu Ha Tambak,1
PHE ONWJ Lepas Anjungan Baru ke Pesisir Laut Jawa buat Genjot Produksi Migas,1
Pengusaha Ingatkan Lonjakan Harga Minyak Bisa Picu Kenaikan Biaya Logistik,0
BEI Cetak Laba Bersih Rp 673 M,0
Apakah Data Pinjol Bisa Dihapus?,1
Kopdes Merah Putih Bisa Ajukan Pinjaman Modal Mulai 1 Juli,0
Sepanjang 2024 Gangguan Listrik Turun 24%,0
KKP-Pemprov Jabar Bakal Revitalisasi 20 Ha Tambak di Pantura,0
PHE ONWJ Lepas Anjungan Baru Ramah Lingkungan ke Pesisir Laut Jawa,0
Bank BUMN Kasih Pelatihan buat Pengurus Kopdes Merah Putih,0
"Selat Hormuz, Nuklir, dan Eskalasi Krisis",1
Video Bahlil: Keuntungan Hilirisasi Baru Dinikmati Investor-Pemerintah,1
Pemerintah Diminta Lakukan Ini buat Ketahanan Energi & Kurangi Impor BBM,1
"Bahlil Lantik Eks Jaksa Jeffri Huwae Jadi Dirjen Gakkum ESDM, Ini Profilnya",1
Apa Risiko Tak Bayar Pinjol?,1
Banda Aceh-Pidie Bakal Tersambung Tol Tahun Ini!,1
"Toko Online Bakal Kena Pajak, Jutaan Pedagang Kena Dampak",1
Transaksi di Pegadaian Digital Bisa Dapatkan 1 Kg Emas,1
Anggota Holding BUMN Jamin Asuransi Pengelola Parkir,0
Pedagang di Toko Online Bakal Dipajaki!,1
"Ada Kabar Toko Online Mau Kena Pajak, Asosiasi E-Commerce Buka Suara",1
Segini Biaya yang Dikeluarkan Israel buat Serang Iran,1
Video: Danantara Tertarik Kerja Sama dengan Korsel di Bidang Film dan K-Pop,1
"Anak Usaha Krakatau Steel Targetkan Penjualan Rp 4,1 T",0
"Sebut RI Produsen Kopi Terbesar ke-4 Dunia, Gibran Minta Jaga Kualitas",0
"Sri Mulyani Bertemu Menkeu Arab Saudi-Qatar, Bahas Dampak Perang Israel vs Iran",0
"Perusahaan Merry Riana Mau IPO, Incar Dana Segar Rp 39,9 M",0
Dolar AS Loyo saat Iran-Israel Gencatan Senjata,1
"Konflik Timur Tengah Mulai Reda, IHSG Tancap Gas",1
"Konflik Iran-Israel Reda, Pasar Saham AS Bangkit",0
"Update Harga Emas Antam 24 Karat Hari Ini, Rabu 25 Juni 2025",0
"Alasan Danantara Suntik Garuda Modal Rp 6,6 T",1
"PLN Setor Rp 65 T ke Negara, Layanan Listrik 2024 Dinilai Baik",0
"Iran-Israel Gencatan Senjata, Harga Minyak Langsung Anjlok 6%",0
Bocoran Rencana Investasi Apple di Batam,1
Mengintip Kandang B-2 Bomber Penghancur Fasilitas Nuklir Iran,1
"Dilarang Keras Menambang di Pulau Kecil, Ini Aturannya!",1
Negara Rugi Puluhan Triliun Gara-gara Truk ODOL,1
Ironi Sarjana RI! Kuliah Bertahun-tahun Berujung Jadi ART-Sopir,1
Teka-teki Keberadaan 400 Kg Uranium Iran Usai Fasilitas Nuklir Dibom AS,1
"BSU Rp 600 Ribu Sudah Cair ke 2,45 Juta Pekerja, Dijamin Tak Ada Potongan!",1
Danantara Tertarik Gandeng Korsel Masuk Bisnis Film hingga K-Pop,1
Panen Jagung Masih Jauh dari Target Bikin Industri Pakan Ketar-Ketir,1
Garuda Bakal Operasikan 120 Pesawat,0
Cuaca Buruk Bikin Harga Ikan Tuna Naik di Banda Aceh,0
Misteri 400 Kg Uranium Iran Usai AS Serang Fasilitas Nuklir,1
Bahlil Kirim Tim ke Angola dan AS Pelajari Pembangunan Kilang 1 Juta Barel,0
"Produksi Beras RI Diramal Bisa Tembus 35,6 Juta Ton!",1
"Konflik AS Vs Iran Bisa Guncang Dunia, Bos IMF Kasih Peringatan Ngeri!",1
"1,24 Juta Pekerja Belum Dapat BSU Rp 600 Ribu Tahap 1, Ini Alasannya",1
Arahan Prabowo ke PBNU soal Bantu Makan Bergizi Gratis,0
"5 Ruang Udara Ditutup Imbas Perang Iran-Israel, Maskapai Diminta Cari Rute Lain",0
Tekstil hingga Produk Kulit RI Jadi Incaran Banyak Negara,0
"Video: Dirut BPJS Kesehatan Bicara 7,3 Juta PBI JK Yang Dinonaktifkan",0
Berani Jual Alat Mesin Pertanian dari Pemerintah Bisa Kena Pidana!,1
Deretan Kisah Haru Konsumen MR DIY Temukan Harapan dari Barang Sederhana,1
"Iran-Israel Perang, Garuda Tutup Rute ke Timur Tengah",0
Pemerintah Mau Geber Produksi Bawang Putih buat Pangkas Impor,0
Bos BP Batam Buka-bukaan Rencana Investasi Apple,1
"IHSG Ditutup Naik ke Level 6.869, Menguat 1,21%",0
Rosan Tempatkan Pejabat Kementerian di BP Batam buat Kebut Investasi,0
Duh! Musim Liburan Makin Sering Layang-layang Ganggu Kereta Cepat,1
Perbedaan Wajah Orang Kaya dan Miskin Berdasarkan Riset,1
"Garuda Dapat Suntikan Modal Rp 6,6 Triliun, buat Apa Saja?",1
"Pembangunan Kilang Tuban Mandek, Bahlil Ungkap Biang Keroknya",1
Rosan Bicara soal Dampak Perang Iran Vs Israel ke Investasi RI,0
Kemendag Awasi Distribusi MINYAKITA di Wilayah Indonesia Timur,0
Prabowo Groundbreaking Proyek Baterai Mobil Listrik CATL 29 Juni,0
"Penyaluran KUR 2025 Rp 118,8 T, 39% dari Target",0
"Emiten Alat Pertanian Sebar Dividen Rp 52,9 Miliar",0
"Danantara Suntik Garuda Modal Rp 6,6 Triliun",0
Kapan Satgas PHK Dibentuk? Menaker: Masih Koordinasi dengan Setneg,1
Cara Buka Rekening Bank Himbara untuk Terima BSU Rp 600 Ribu,1
"Truk ODOL Bikin Negara Rugi Rp 43,47 Triliun Per Tahun",0
DPR Soroti Ketegangan Israel & Iran Bisa Ganggu Distribusi Energi Global,0
Jurus Bos Badan Gizi Cegah Penyelewengan Dana Makan Bergizi Gratis,1
Bahlil Ungkap Oleh-oleh Prabowo dari Rusia: Migas hingga Nuklir,1
"Pelaku Usaha Diimbau Mulai Adopsi Aset Digital, Ini Alasannya",1
"2,4 Juta Pekerja Sudah Terima BSU Rp 600 Ribu, Cek Namamu di Sini!",1
"Melonjak, Penjualan Listrik PLN IP Capai 83.000 GWh",0
"Harga Minyak Dikhawatirkan Naik Lagi, Bahlil: Berdoa Saja Supaya Stabil",1
Aksi Cosplayer Tolak Energi Batu Bara di Kedubes Jepang,0
"RI Seret Lowongan Kerja, Pengangguran Disarankan Pindah ke Luar Negeri",1
KKP: Pulau Kecil Tak Boleh Ditambang!,1
Tanggapan Anggota DPRD soal Perubahan Nama Bank DKI,0
BRI Beri Dukungan Pembiayaan ke Koperasi Penyuplai Bahan Pangan MBG,0
"Sopir Truk Demo soal ODOL, Petani-Peternak Kena Getahnya",1
"Berani Tutup Selat Hormuz, Iran Bakal Jadi Musuh Bersama Banyak Negara",1
"Perang Iran Vs Israel Makin Panas Gegara AS Terlibat, Impor Pangan Terganggu?",1
Potret Kehancuran Akibat Perang Israel Vs Iran yang Kini Gencatan Senjata,1
"Bahlil Mau Rapat dengan Pertamina, Bahas Antisipasi Jika Selat Hormuz Ditutup",0
Simak! Ini Ramalan Terbaru Bank Dunia soal Ekonomi RI,1
KCI Pastikan 11 KRL Baru Bakal Beroperasi Tahun Ini,0
"Perang Iran Vs Israel Makin Panas, UMKM RI Kena Dampak?",1
Bukan Lagi soal Gelar! Ini yang Benar-benar Dicari HRD saat Rekrutmen,1
"Pasar Tenaga Kerja RI Tak Seimbang: Banjir Sarjana, Lowongan Kerja Seret!",1
"Heboh Pulau Anambas Dijual, KKP: Itu Bukan Jual-Beli, tapi Investasi",1
Sekarang Naik Kereta Bandara Bayarnya Bisa Sekali Tap Pakai Kartu Ini,1
Belanja Negara Belum Optimal Serap Produk UMKM,0
"Gandeng Bank Dunia, KKP Cari Dana Rp 3,2 T buat Konservasi Laut",0
Prabowo Perintahkan Bulog Serap 1 Juta Ton Jagung Cadangan Pemerintah,0
"Batang Sawit Tua Disulap Jadi Nira Gula, Potensi Pasar Tembus Rp 3 T",1
"Iran-Israel Saling Serang, Menaker Waspadai Dampaknya ke Tenaga Kerja",0
ESDM Masih Kaji Pengembalian Izin Tambang Galian C ke Pusat,0
Bos Bapanas Turun Gunung Cek Makanan di Dapur MBG Bogor,1
"Susah Dapat Kerja, Banyak Sarjana Akhirnya Jadi ART hingga Sopir",1
"Prabowo Bentuk Satgas Kopdes Merah Putih, Zulhas Jadi Ketua",0
Puan Puji Prabowo soal Polemik Tambang Raja Ampat,0
"Menaker Pastikan Tak Ada Potongan BSU, Pekerja Terima Rp 600 Ribu",0
PIS Siapkan Rute Alternatif Angkut Migas Jika Selat Hormuz Ditutup,0
"Cek Rekening! BSU Rp 600 Ribu Sudah Cair ke 2,45 Juta Pekerja",1
"Harga Minyak Anjlok Usai Iran Serang Pangkalan AS, Begini Penjelasannya",1
Penjualan BBM Pertamina Capai 105 Juta Kilo Liter di 2024,0
Leonard Hartono Resmi Bergabung ke Digital Marketing Agency rankpillar,0
"Gibran Tinjau Panen Tebu Banyuwangi, Dorong Swasembada Gula",0
Dolar AS Rontok Usai Trump Sebut Iran-Israel Gencatan Senjata,1
Harga Emas Antam Hari Ini Ambruk,1
"Trump Sebut Iran-Israel Sepakat Gencatan Senjata, IHSG Langsung Meroket",1
5 Biang Kerok Harga Ayam Anjlok,1
"Trump Panik Selat Hormuz Mau Ditutup Iran, Serukan Ngebor Minyak Gede-gedean",1
Harga Beras Naik di Ratusan Daerah,0
Parkiran Mal di Tel Aviv Jadi Tempat Berlindung Saat Rudal Iran Menghujani Israel,1
Peran Vital Selat Hormuz buat Distribusi Minyak yang Mau Ditutup Iran,0
Banyak Maskapai Batalkan Penerbangan Usai Iran Serang Balik Pangkalan AS,0
Sesepi Ini Pasar Taman Puring Jaksel Kini,1
Harga Minyak Anjlok Usai Iran Serang Pangkalan Militer AS,0
Pertamina NRE-LONGi Kerja Sama Luncurkan Manufaktur Modul Panel Surya,0
Pembangunan IKN Lanjut ke Tahap 2!,0
Sederet Dampak Buruk yang Bisa Terjadi Jika Iran Tutup Selat Hormuz,1
"KKP Tegaskan Tak Ada Penjualan Pulau RI, Hanya Bisa Dikelola Sementara",0
Dampak Mengerikan Perang Israel Vs Iran ke Ekonomi Dunia Usai AS Ikut Campur,1
Terungkap Nasib PT Gag Nikel di Raja Ampat,1
"Stok Beras Melimpah! Pemerintah Punya 4,15 Juta Ton di Gudang Bulog",0
Ekonomi AS Diprediksi Terguncang Imbas Ikut Campur Perang Israel Vs Iran,1
Video Pemprov DKI Serius untuk Bersihkan Monorel,0
"Iran Berencana Tutup Selat Hormuz, ESDM: Sedang Kita Kalkulasi",0
Pasokan Telur & Cabai ke Jakarta-Jabar Terancam Seret!,1
"3 Perusahaan Jumbo Bakal IPO, Salah Satunya Emiten Prajogo Pangestu",0
Wamenkop Gandeng Hipmi Dukung Kopdes Merah Putih,0
Anggota DPR Ingatkan Krisis Iran-Israel Alarm Reformasi Industri Nasional,0
RI Mau Tiru Jurus China Hapus Kemiskinan,1
"Biaya Logistik Bisa Naik 30% Imbas Perang, Pengusaha Minta Ini dari Pemerintah",1
"Terbitkan Obligasi, SMI Kejar Rp 12 Triliun",0
Budi Arie Minta Setengah Penduduk Desa Jadi Anggota Koperasi Merah Putih,0
"Dari Masalah Jadi Peluang, Kisah Brand KEE Hadirkan Tas Kamera Stylish",1
Kemenkeu Waspadai Dampak Kenaikan Harga Minyak ke APBN,0
Kapan Lowongan Kerja Pegawai Koperasi Desa Merah Putih Dibuka?,1
"Pertumbuhan Ekonomi 7% Sulit Digapai Tahun Ini, RI Bisa Apa?",1
Sulitnya Ekonomi RI Genjot Pertumbuhan 7% Seperti Keinginan Prabowo,0
"Dukung Keuangan Berkelanjutan, BRI Terbitkan Obligasi Sosial Rp 5 Triliun",0
"Pupuk Indonesia Kenalkan NPK Nitrat, Bawang Merah & Cabai Tahan Musim Hujan",0
Kopdes Merah Putih Disiapkan buat Lawan Rentenir & Pinjol Ilegal,0
"Serang Iran, AS Kini Diburu Houthi di Laut Merah",1
Bongkar Muat Hewan di Pelabuhan Capai 216.592 Ekor,0
Mendag Buka-bukaan Biang Kerok Ritel hingga Mal RI Tumbang,1
Budi Arie Mau Temui Prabowo Bahas Pendanaan Koperasi Merah Putih,0
Aset Kopdes Merah Putih Diharapkan Bisa Jadi Pesaing BUMN-Swasta,0
"Total Energies Akuisisi 24,5% Hak Partisipasi Blok Bobara dari Petronas",0
"Ada Ancaman Iran Tutup Selat Hormuz, Berisiko buat Ketahanan Energi RI?",1
Video Keluh Kesah Pedagang Pasar Gembrong Baru: Pendapatan Sering Nol,1
"Iran dan Israel Perang Rudal, Rute Terbang Timur Tengah Kacau Balau",1
"Gelar International Expo 2025, BSI Targetkan Transaksi UMKM Tembus Rp 290 M",0
"Bandara Oesman Sadik Halsel Terdampak Banjir, Sebagian Runway Ditutup",0
Bisakah Orang Asing Miliki Pulau di RI? Ini Kata KKP,1
Satgas Pangan Ungkap Biang Kerok Harga Ayam Anjlok,1
Dua Kapal Tanker Putar Balik di Selat Hormuz Usai AS Serang Iran,1
"Budi Arie Lapor ke Prabowo, 80 Ribu Kopdes Merah Putih Sudah Terbentuk",0
"AS Ikut Serang Iran, Bitcoin Rontok",1
Ngeri! Harga Minyak Mentah Bisa Tembus US$ 120 Per Barel,1
"Video Pasar Gembrong Nasibmu Kini: Dulu Jadi Idaman, Kini Sepi Bak Kuburan",1
Harga Beras di 150 Daerah Naik!,0
"Bila Selat Hormuz Ditutup Iran, Harga Minyak Bisa Tembus US$ 100/Barel",1
"Belum Setor Laporan Keuangan, Emiten Sepatu Bata-Kimia Farma Didenda Rp 50 Juta",0
Petani Waswas Pabrik Besar Hentikan Pembelian Tembakau,1
"Israel-Iran Perang, Pemerintah Diminta Lakukan Ini buat Lindungi Ekonomi RI",1
4 Pulau di Anambas yang Dijual Online Tidak Berpenghuni,0
Keputusan Trump Bom Iran Bikin Harga Minyak Dunia Meledak!,1
"Selat Hormuz, Jalur Penting Distribusi Minyak Dunia yang Terancam Ditutup Iran",1
IHSG Diramal Tambah Jeblok Imbas Perang Iran Vs Israel,1
"Pembangunan IKN Masuk Tahap II, Lelang Proyek Dimulai Akhir Juni 2025",0
"Perusahaan Kripto Mau IPO, Incar Dana Rp 231,6 M",0
Saham Asia Berguguran Usai AS Ikut Serang Iran,1
KKP Surati Komdigi Minta Hapus Iklan Penjualan Pulau di RI,0
"Iran Mau Tutup Selat Hormuz, Pertamina Siapkan Rute Alternatif Kapal",0
Video: Harga Minyak Dunia Diprediksi Meroket Usai AS Serang Iran,1
Uang Beredar RI Per Mei 2025 Tembus Rp 9.406 Triliun,0
Waspada! Marak Penipuan Lowongan Kerja Kopdes Merah Putih,1
"AS Serang Iran, Bos IMF Wanti-wanti Dampak Mengerikan ke Ekonomi Dunia",1
"Perang dengan Iran, Israel Rogoh Kocek Rp 3,2 T Per Hari",1
"Usai Rebranding, Bank Jakarta Siap IPO",0
Kementerian PU Tangani Tanggul Jebol di Sungai Renggong Grobogan,0
Maskapai Ramai-ramai Batalkan Penerbangan Usai AS Serang Iran,1
Penyaluran Beras Murah Masih Nunggu Anggaran Cair,0
Dolar AS Perkasa Usai Trump Serang Situs Nuklir Iran,1
Harga Emas Hari Ini Stagnan,0
"AS Ikut Serang Iran, IHSG Anjlok",1
"Benar Saja, Harga Minyak Langsung Terbang Tinggi Usai AS Serang Iran",1
"Harga Bitcoin Terjun Bebas, Investor Takut Konflik Iran Vs Israel Meluas",1
"AS Serang Iran, Siap-siap Harga Minyak Meroket",1
"Iran Ancam Tutup Jalur Minyak Dunia, AS Minta China Turun Tangan",1
"Pemerintah Buka Peluang Rusia Garap Migas, Ketua Komisi XII DPR Beri Apresiasi",0
"BUMD Pemprov Jakarta Buka Sewa Lapangan Olahraga, Diskon 20%",0
Harga Emas Bakal Melonjak!,1
Serangan AS ke Iran Bikin Investor Waswas,1
"90% Kawasan Industri Belum Dimanfaatkan, Peluang Investasi RI Terbuka Lebar",0
"Jakarta Mau Jadi Kota Global, JIEP Mau Ciptakan Nilai Tambah Kawasan Industri",0
Pendiri FedEx Frederick Smith Tutup Usia di Umur 80 Tahun,0
Jamkrida Turut Ramaikan HUT Jakarta Taman Lapangan Banteng,0
Wall Street Dibayangi Aksi Jual Usai Serangan AS ke Iran,1
"HUT Jakarta ke-498, Paljaya Beri Diskon Penyedotan Limbah B3",0
84 Kepala Daerah Berangkat Retret ke IPDN Naik Whoosh,1
Investor Waswas Usai AS Serang Iran,1
Harga Emas Diprediksi Bakal Tembus Lagi di Angka Rp 2 Juta/Gram,1
"Bank DKI Ganti Nama Jadi Bank Jakarta, Ini Filosofinya",1
"Diserang AS, Akankah Iran Tutup Selat Hormuz?",1
Begini Kondisi Jemaah Haji & Kru Saudi Airlines yang Terima Ancaman Bom,1
Video: Transmart Full Day Sale Hadir Lagi! Banjir Diskon 50% + 20%,1
Siap-siap! Harga Emas Bakal Meroket Usai AS Serang Iran,1
"Perusahaan Logistik Milik Pendiri Alfamart Mau IPO, Incar Dana Segar Rp 152 M",0
Tok! Bank DKI Ganti Nama Jadi Bank Jakarta,1
Alfamart & Unpad Kolaborasi Kembangkan Potensi Store Owner Alfamind,0
Gara-gara AI Pria Ini Punya Harta Rp 59 Triliun,1
"Meriahkan HUT Jakarta, Transjakarta Buka Pendaftaran Kartu Layanan Gratis",0
"IHSG Jeblok 3,61% Sepekan Terakhir",1
Sinergi Pemerintah dan Industri Jadi Kunci Kemandirian Gas Bumi,0
"Murah Meriah, Alat Masak Diskon Up To 50%+20%, di Transmart Full Day Sale",1
Galon Bekas Disulap Jadi Rusun Kepiting Ramah Lahan,1
"Toko Kelontong Juga Wajib Ikuti Perkembangan Zaman, Bagaimana Caranya?",1
"Pendiri Telegram Wariskan Harta ke 100 Anak, Termasuk dari Hasil Donor Sperma",1
Aneka Spring Bed Banting Harga di Transmart Full Day Sale,1
"AS Ikut Israel Serang Iran, RI Harus Bersiap Hadapi Dampak Ini",1
Pertagas Ungkap Pentingnya Pemerataan Distribusi Energi buat Industri,0
"Geser Jeff Bezos & Mark Zuckerberg, Ini Dia Orang Terkaya Kedua di Dunia!",1
"Buruan ke Transmart Full Day Sale, Rak Besi Dapat Diskon Rp 1 Jutaan",1
"Bukan Cuma El Salvador, Korporasi Dunia Kini Koleksi Bitcoin",1
"Anak Usaha PLN Catat Laba Bersih Rp 13,1 Triliun di 2024",0
Serbu! Tiket Kereta Diskon 30% Masih Tersedia 2 Juta Kursi,1
Begini Cara Swasta Genjot Produktivitas Petani,1
"Pendapatan Emiten Produsen Emas Naik 15,2%",0
Ada Peluang di Sektor Energi Usai Kunjungan Presiden ke Rusia,0
Diskon Tiket Kapal Laut 50% Bisa Tambah Penumpang hingga 138%,1
Sepeda Listrik di Transmart Full Day Sale Jauh Murah Banget!,1
Industri Kretek Disebut Dikepung Banyak Regulasi,0
Sepeda Anak Dibanderol Mulai Rp 1 Jutaan di Transmart Full Day Sale,1
"AS Ikut Serang Iran, Harga Minyak Diramal Tembus US$ 130/Barel",1
"Harga Emas Naik Tipis, Apakah Masih Seksi buat Jadi Investasi?",1
Ayam Broiler Dijual Mulai Rp 26 Ribuan Per Ekor di Transmart Full Day Sale,1
Pemerintah Diminta Kasih Insentif Pajak buat Pengembangan SDM,0
"Industri Gandeng Kampus, Cetak SDM Digital untuk Daya Saing Ekonomi",0
"25,9 Ton Mangga Impor Ilegal dari Malaysia Dimusnahkan!",1
Aneka Bakso Seafood Dapat Diskon Besar-besaran di Transmart Full Day Sale,1
"Biar Nggak Boncos dan Kecewa, Kenali Red Flag Sebelum Berinvestasi!",1
"Pembangunan Rumah Subsidi di Batang Capai Rp 12,59 T",0
"Nekat Masuk Jalur Kereta, Siap-siap Didenda Rp 15 Juta!",1
RI Bangun Tol Tersambung Giant Sea Wall,0
"Jangan Lupa! Hari Ini Transmart Full Day Sale, Diskon Melimpah 50% + 20%",1
Detik-detik Pesawat Saudia Alihkan Penerbangan ke Bandara Kualanamu,1
"Prabowo Pamer di Depan Putin: Stok Beras Naik, Danantara & Ekonomi Bisa Tumbuh 7%",1
Tiket Damri Rute AKAP Diskon Rp 50.000! Cek di Sini Cara Dapatnya,1
"Siapkan Lahan buat Proyek Negara, Bank Tanah Gandeng KPK",0
"Cari Koper? Besok ke Transmart Full Day Sale, Harga Mulai Rp 550.000",1
7 Instansi Buka Sekolah Kedinasan! Cek di Sini Jadwalnya,1
Kemenko Perekonomian Apresiasi PTFI Operasikan Kembali Smelter Gresik,0
Aneka Bakso Seafood Rp 6 Ribuan/100 Gram di Transmart Full Day Sale,1
Harga Anggur Murah Meriah Cuma di Transmart Full Day Sale Besok,1
RI-Rusia Bahas Peningkatan Kerja Sama Strategis di Berbagai Bidang,0
"Trump Sebut AS Kebanyakan Hari Libur, Ganggu Ekonomi!",1
"Besok Beli Daging Ayam di Transmart Full Day Sale, Rp 29.520!",1
"Serbu! AC 1 PK di Transmart Full Day Sale Diskon Rp 1,2 Juta",1
"Beli TV di Transmart Full Day Sale, Diskonnya Nyaris Rp 3 Juta!",1
Besok Serbu Transmart Full Day Sale! Pesta Diskon Meriah 50% + 20%,1
HIPAKAD Dukung Program Swasembada Pangan Prabowo,0
Progres Terkini Proyek Tol Semarang-Demak Seksi 1,0
"Ada Larangan Direksi BUMN Main Golf Hari Kerja, Rosan Ingatkan Pesan Prabowo",1
Kemenhub Ungkap Kronologi Ancaman Bom di Penerbangan Haji ke Surabaya,1
"Perang Israel Vs Iran Bikin Pasar Saham Goyang, Apalagi AS Mau Ikutan",1
"Dapat Dukungan BRI, UMKM Rempah Labuna Mampu Bersaing di Pasar Global",0
Rosan Ungkap Rusia Mau Kerja Sama Bikin Kapal Ramah Lingkungan,0
"Dipercaya Jadi Penyalur BSU, BRI Pastikan Kemudahan Akses bagi Penerima",0
Mengintip Bendungan Rp 475 Miliar di Kalimantan,1
"Persaingan Cari Kerja Makin Besar, Muncul 'Manusia Tikus' di China",1
"Negara Ini Terlilit Utang Rp 218 T, Presidennya Bingung Mau Bayar Pakai Apa",1
SKK Migas Catat Tren Produksi & Lifting Minyak Konsisten Alami Kenaikan,0
"Dilarang Keras Masuk Jalur Kereta! Nekat, Denda Rp 15 Juta",1
"Rusia Tawarkan Kerja Sama Nuklir, Airlangga Ungkap Rencana Bikin PLTN 500 MW",0
Mesin-mesin Perang AS Mulai Membidik Iran,1
Airlangga Sebut Perjanjian Dagang RI-Eurasia Bakal Diteken Resmi Desember,0
Modal Asing Rp 2 Triliun Cabut dari RI!,1
"KUA Diluncurkan! Bunga 3%, Jangan Waktu Pinjaman 5 Tahun",1
"Prabowo Pamer Modal Danantara Rp 293 T, Ajak Pengusaha Rusia Investasi",1
Harga Emas Naik!,1
Prabowo Pede Ekonomi RI Bakal Tembus 7% Tahun Ini,1
Cek Lagi! Daftar Uang Logam yang Sudah Tidak Berlaku (2),1
"Prabowo: Pertumbuhan Kita 5% Terus, tapi Belum Berhasil Menetes ke Bawah",0
"Di Depan Putin, Prabowo Pamer RI Punya Stok Beras 4,4 Juta Ton",1
"MRT-Bank DKI Bakal Ramaikan HUT DKI Jakarta ke-498, Semeriah Ini Acaranya",1
Cek! Daftar Uang Logam yang Sudah Tidak Berlaku (1),1
"Cari Kerja Makin Susah, Buruh Lepas Jadi Jalan Tengah",0
BSI International Expo Fasilitasi Ratusan UMKM Mamin dalam Ekosistem Halal,0
Wamendag Tegaskan Perdagangan Harus Berpihak pada Rakyat-Lingkungan,0
Melihat dari Dekat Tempat Warga Israel Berlindung dari Rudal Iran,1
Biang Kerok Negosiasi Perjanjian Dagang RI-Eropa Makan Waktu 9 Tahun,1
RI Buka Pintu buat Pengusaha Rusia Garap Proyek Migas,0
"BDKT Sudah Sesuai Ketentuan, Mendag Puji SPBE Rewulu & Gapoktan Sidomulyo",0
Rencana Besar Garap Pembangkit Listrik Tenaga Nuklir 2027,1
Fakta Mengejutkan: Utang Pinjol Orang Tua Naik Hampir 300%,1
"Ditekan Trump, Raksasa Chip Siapkan Rp 900 T Garap Proyek di AS",1
"Imbas Gejolak Timur Tengah, Bitcoin Diklaim Jadi Incaran Ketimbang Emas",0
Pegadaian Area Kalsel & Kalteng Catat Pertumbuhan Tertinggi Nasional,0
Daftar Konglomerat Dunia yang Hadiri Pernikahan Jeff Bezos,1
Kasur Elite Diskon sampai Rp15 Juta di Transmart Full Day Sale,0
Tangga Lipat Multifungsi Cuma Rp1 Jutaan di Transmart Full Day Sale,0
"Viral Pesawat Batik Air Miring saat Mendarat, Hampir Sentuh Landasan",0
Beda Investasi Emas dan Perak,0
"Transmart Full Day Sale Diskon Lagi, Sepeda Cuma Rp1 Jutaan",0
Seberapa Vital Selat Hormuz bagi Peredaran Minyak Dunia?,0
"Mainan Anak Diskon di Transmart Full Day Sale, Harga Mulai Rp10 Ribuan",0
"Stewart Resnick, Petani Terkaya AS yang Berharta Rp101,93 T",1
Aneka Peralatan Masak Diskon 50% + 20% di Transmart Full Day Sale,0
"Transmart Full Day Sale 29 Juni, Cek Daftar Produk Diskon di Sini",1
"Transmart Full Day Sale Hari Ini Tebar Diskon 50% + 20%, Ayo Belanja",0
"AirAsia Resmi Buka Rute Direct Phuket-Medan, 4 Kali Seminggu",0
"Jangan Terlewat Transmart Full Day Sale Besok, Ada Diskon 50% + 20%",1
"Transmart Full Day Sale Diskon Gede-gedean, Sepeda Listrik Rp3,6 Juta",0
Aneka Peralatan Rumah Tangga Diskon Gede-gedean di Transmart Full Day,0
Aneka Barang Elektronik Turun Harga di Transmart Full Day Sale Besok,0
"Serbu, Pesta Diskon Transmart Full Day Sale Datang Lagi 29 Juni",1
"Mati Lampu Serentak di Sukabumi hingga Depok-Bogor, PLN Minta Maaf",0
PLN Investigasi Penyebab Mati Lampu Serentak di Bogor-Depok,0
PLN Investigasi Penyebab Mati Lampu Serentak di Bogor-Depok,0
Garuda Buka Kembali Rute Jakarta-Doha Usai Konflik Israel-Iran,0
Harga Emas Rontok 3 Hari Berturut,1
Tips Kelola Uang Kaget Agar Tak Ngenes Bak Warga Desa Miliarder Tuban,1
"Cara Cek BSU Pakai NIK, Bantuan Rp600 Ribu yang Cair Juni-Juli",0
Fakta-fakta Wacana Pemerintah Pungut Pajak Pedagang di Shopee Cs,0
FOTO: Mendongkrak dan Memperluas Daya Jangkau Ekosistem Halal,1
Harga Emas Antam Turun Rp17 Ribu Hari Ini,0
Harga Minyak Dunia Diklaim Turun Usai Iran-Israel Gencatan Senjata,0
ESDM: Impor Minyak dan LNG dari Rusia Masih Dikaji,0
Anak Buah Bahlil Bersuara soal Ekspor Batu Bara RI Merosot 19 Persen,0
Cak Imin: Pembangunan Bandara Bali Utara Direstui Prabowo,0
Kenapa Sudah Lolos Verifikasi BSU tapi Belum Cair?,1
Larry Ellison Orang Terkaya Ke-2 di Dunia Usai Saham Oracle Meroket,1
Asosiasi Pengusaha Dukung Pemerintah Pajaki Pedagang Online,0
Mendag Incar Pasar Produk Halal Australia Senilai Rp131 T,0
Produksi Minyak Blok Cepu Melonjak Jadi 180 Ribu Barel per Hari,0
"Menteri PKP Tolak Bantuan Asing Bangun 3 Juta Rumah Prabowo, Kenapa?",1
Prabowo Ungkap Alasan Batal Hadiri Peresmian EBT di Bondowoso,1
Airlangga Ungkap Potensi Beri Bansos Khusus Hadapi Perang Israel-Iran,0
Pelindo Kebut Pengerukan Jalur Laut ke Pulau Enggano yang Terisolasi,0
Krakatau Steel Rombak Susunan Komisaris dan Direksi,0
"Anggaran MBG Batal Ditambah Rp100 T Tahun Ini, APBN Seret?",1
Anggaran MBG Baru Terserap Rp5 T per Juni,0
Mendag Klaim Ekspor RI Aman Meski Iran Perang Lawan Israel,0
Prabowo Perintahkan Bahlil Bangun PLTS di 5.600 Desa Tanpa Listrik,0
"RI Pajaki Pedagang Online di Shope Cs, Bagaimana Aturan Negara Lain?",1
"Libur Tahun Baru Islam, BRI Siapkan Weekend dan Digital Banking",0
Kemenkeu Sebut Pajak Pedagang Online Bukan Hal Baru: Demi Keadilan,0
Makan Bergizi Gratis Tetap Jalan Meski Libur Sekolah,0
Kementan Temukan Ratusan Merek Beras di 10 Provinsi Bermasalah,1
"Diskon Kereta 30 Persen Selama Libur Sekolah, Penumpang Melonjak",0
Mentan Ungkap Kecurangan Beras Rugikan Konsumen Rp99 T per Tahun,1
Wamenaker Dorong Harmoni Industrial Perkuat Layanan TKBM Pelabuhan,0
IHSG Tersenyum ke 6.897 Sambut Malam 1 Suro,1
"HLH Sedunia 2025, Le Minerale Komitmen Kurangi Sampah Hingga 30 Persen",0
Mendag soal Pajak Pedagang Online: Prosesnya Sudah dari Lama,0
Mendag Ungkap Progres Nego Tarif Trump Jelang Tenggat 8 Juli,1
Rupiah Perkasa di Rp16.209 Sore Ini,0
Prabowo Pede RI Mampu Hadapi Krisis Global Lewat Energi dan Pangan,1
"Qatar Mulai Proyek Rumah Rp40,5 T di RI, 50 Ribu Unit Fase Pertama",0
"Laut RI Makin Padat, Trenggono Larang Kapal Melintas Ruang Konservasi",0
Prabowo Resmikan Tambahan 30 Ribu Barel Lifting Minyak di Blok Cepu,0
Bank Mandiri Dukung Kemenko Pangan Perkuat Kopdes Merah Putih,0
Hashim Tertawa Dengar Rumah Subsidi 18 Meter Persegi: Masih Dikaji,1
"8-9 Juli, World AI Show 2025 Bakal Digelar di Jakarta",0
Bos DJP Keluarkan Jurus Baru Bersihkan Pajak dari Suap dan Gratifikasi,1
"Harga Seledri Naik Imbas Demo Truk ODOL, Tembus Rp70 Ribu per Kg",1
Group Djarum Borong Saham RS Hermina Rp1 Triliun,0
"Sambut Long Weekend, Diskon Tarif Tol 20 Persen Berlaku Mulai Besok",0
Harga Minyak Dunia Naik Gara-gara Stok di AS Menipis,0
Bos Badan Gizi Beber Jurus Cegah Penyelewengan Dana MBG,1
Rupiah Unjuk Gigi ke Rp16.282 per Dolar AS Pagi Ini,1
"Bahlil Bentuk Ditjen Gakkum Pertama ESDM, Diisi Unsur TNI - KPK",0
"Pimpin HKTI, Wamentan Yakin Bisa Percepat Swasembada Pangan RI",0
Siasat Kemenkeu Kejar Selisih Pajak Rp1.300 T,1
Perlukah Sri Mulyani Pungut Pajak dari Pedagang Shopee Dkk?,1
"Mulai Kapan Pedagang Shopee, Tokopedia Cs Ditarik Pajak?",1
IHSG Diproyeksi Kembali Tergelincir,0
Menkop Budi Sebut Kopdes Merah Putih Bakal Jadi Pusat Ekonomi Lokal,0
Menkop Budi Sebut Kopdes Merah Putih Bakal Jadi Pusat Ekonomi Lokal,0
Trenggono Ungkap Peran Agrinas di Proyek Danantara Rp26 T di Pantura,1
Demul - Trenggono Blak-blakan Dampak Proyek Giant Sea Wall di Pantura,1
"Cegah Jual Beli, KKP Bakal Awasi Pulau-pulau Kecil Pakai Satelit",0
Batam Jadi Kota Percontohan Dekarbonisasi di Sektor Bangunan Gedung,0
Kopdes Merah Putih Bisa Ajukan Pinjaman ke Bank BUMN Mulai 1 Juli,0
Demul Targetkan Jabar Bebas Bangunan dan Sertifikat Liar dalam 2 Tahun,0
Trenggono Ungkap 2 Cara Benahi Masalah Pulau Enggano yang Terisolasi,1
Proyek Kilang yang Bikin Warga Tuban Jadi Miliarder Masih Terganjal,1
Bahlil Angkat Mantan Jaksa dan Polisi Jadi Anak Buah di ESDM,0
Danantara Tertarik Masuk ke Bisnis Film dan K-Pop,0
"Pemerintah Resmi Hapus Kuota, Impor Sapi Hidup Kini Bebas",0
Asosiasi E-commerce Minta Pemerintah Hati-hati Pajaki Pedagang Online,0
DJP Ungkap Alasan Mau Pungut Pajak Pedagang Tokopedia-Shopee Cs,1
"Tol Sigli-Banda Aceh Sepanjang 74,2 Km Ditargetkan Rampung Tahun Ini",0
Menteri KKP: Maldives Tak Lebih Baik dari RI Tapi Orang Kaya ke Sana,1
Prabowo Resmikan KEK Sanur dan Bali International Hospital,0
Sinergi KB Bank-Indonesia Eximbank Perkuat Pembiayaan Ekspor Nasional,0
IHSG Terkapar ke 6.832 Imbas 401 Saham Kebakaran,1
PHE ONWJ Lepas Anjungan Baru Ramah Lingkungan ke Pesisir Laut Jawa,0
Zulhas Optimistis Kopdes Merah Putih Jadi Kekuatan Ekonomi Baru,0
Rupiah Menguat ke Rp16.264 Sore Ini,0
Danantara Gelontorkan Rp26 T Buat Revitalisasi Tambak Pantura Jabar,0
"Saham Garuda Melesat 10 Persen Usai Disuntik Danantara Rp6,65 T",1
Negara Paling Terdampak Jika Selat Hormuz Sampai Ditutup Iran,1
"Kandung Merkuri, Menteri KKP Sebut Ikan Waduk Cirata Tak Aman Dimakan",1
"Lewat Iklan Terbaru, Shopee Hadirkan Belanja Lebih Hemat dan Cepat",0
"Viral Petugas KAI Larang Balita Naik Kereta, BPKASS Janji Beri Sanksi",1
BRI Dukung Akses Hunian Terjangkau Lewat Konsistensi Salurkan FLPP,0
Sri Mulyani Temui Menkeu Saudi-Qatar Bahas Dampak Perang Iran-Israel,0
"Prabowo Kunker ke Bali, Resmikan Proyek Strategis Nasional",0
"Kriteria Pedagang di Shopee, Lazada Cs yang Akan Dipajaki 0,5 Persen",0
Penjelasan Menaker soal Kenapa BSU Ada yang Belum Cair ke Pekerja,1
"Sri Mulyani Akan Pajaki Pedagang di Shopee, Tokopedia Cs",0
Rupiah Menguat ke Rp16.256 Usai Mendengar Iran-Israel Gencatan Senjata,0
"Harga Minyak Menguat 1 Persen Hari Ini, Masih Karena Israel-Iran",0
"BSU Cair, Siapa Saja Pekerja yang Berhak Dapat Bantuan Rp600 Ribu?",1
"Kenapa Daya Saing RI Merosot dari 27 ke 40, Salah Siapa?",1
Apa yang Terjadi pada Indonesia Jika Selat Hormuz Ditutup Iran?,1
IHSG Diprediksi Loyo Hari Ini,0
Qatar Airways Rute Bali-Doha Batal Terbang Malam Ini Imbas Iran-Israel,0
"Alfamart di IIHF 2025, Dukung Visi Halal Global dari BPJPH",0
Bahlil Akui Cuan Hilirisasi Baru Dinikmati Investor - Pemerintah Pusat,1
Rosan Klaim Perang Iran Vs Israel Belum Berdampak ke Investasi RI,0
KKP: Pulau Kecil Tak Boleh Ditambang!,1
Garuda Batalkan Penerbangan Doha-Jakarta Imbas Perang Iran-Israel,0
"Minim Lapangan Kerja, Konsumsi Kelas Menengah RI Turun",0
Seberapa Banyak Impor Minyak RI yang Dikirim Lewat Selat Hormuz?,1
Bahlil Minta Rakyat Doa Agar BBM Tak Naik Imbas Perang Iran-Israel,1
Sinergi Pemerintah & Swasta Dorong Kualitas SDM Lewat Ketahanan Pangan,0
"Tak Lewat Perantara, Sri Mulyani Transfer Tunjangan Rp16,71 T ke Guru",1
"LSP MUI Dukung IIHF 2025, Perkuat Sertifikasi Halal Nasional",0
"Dukung IIHF 2025, IHATEC Hadirkan Edukasi dan Layanan Konsultasi Halal",0
"Komitmen Dukung Industri Halal, Hakiki Donarta Meriahkan IIHF 2025",0
"Danantara Suntik Modal Rp6,65 T ke Garuda Indonesia",0
Prabowo Terima Laporan 80 Ribu Kopdes Merah Putih Siap Diluncurkan,0
Alfamart Ambil Peran Aktif Dukung Ekosistem Halal di IIHF 2025,0
"IHSG Ngegas 1,21 Persen ke 6.869 Sore Ini",1
Rupiah Kokoh ke Rp16.353 Disokong Harapan Gencatan Senjata Iran-Israel,0
Zulhas Gerak Cepat Tinjau Operasional Kopdes Merah Putih di Bandung,1
"Lewat 'BERDAYA', Transjakarta Beri Kesempatan Magang Jadi Pramusapa",0
"Menaker: Pemerintah Salurkan BSU Tahap I kepada 2,45 Juta Pekerja",0
Aturan KUR Perumahan Dikebut Demi Cairkan Rp130 T dari Danantara,1
Kolaborasi Kemnaker-Kemenkop Tingkatkan Kompetensi SDM Koperasi,0
Bahlil Was-was Iran Mau Tutup Selat Hormuz: Kondisi Mengerikan,1
"RI Rampungkan Perundingan Dagang dengan Eropa, Ekspor Naik 119 Persen",0
"BRI Biayai Koperasi Pemasok Bahan MBG, Perkuat Gizi dan Ekonomi Lokal",0
Menaker Akui Perang Iran-Israel Bisa Picu PHK,1
"Jadi Komunitas Narablog Terbesar, seedbacklink Raih Rekor MURI",0
"Bantuan Subsidi Upah Rp600 Ribu Mulai Mengalir ke 2,45 Juta Pekerja",0
Mendag Ungkap Uni Eropa Pakai Isu Lingkungan Hambat Perdagangan RI,1
Penerbangan Kacau Usai Iran Serang Pangkalan Militer AS di Qatar,1
Rupiah Menguat ke Rp16.377 Dengar Sinyal Gencatan Senjata Iran-Israel,0
"Panik Iran Tutup Selat Hormuz , Trump Perintahkan DoE Geber Bor Minyak",1
Penjelasan Analis soal Harga Minyak Jatuh 7 Persen Usai Iran Rudal AS,1
Cara Cek BPJS PBI Dinonaktifkan atau Tidak Oleh Kemensos,0
3 Bahaya Intai Ekonomi RI Kalau Sampai Iran Tutup Selat Hormuz,1
IHSG Diproyeksi Kembali Merah Hari Ini,0
Harga Minyak Anjlok 6 Persen Usai Iran Serang Pangkalan AS di Qatar,1
Kemenkeu Pantau Efek Lonjakan Harga Minyak Cs Imbas Panas Timur Tengah,0
Pertamina Pastikan Semua Kapal Tanker yang Lewat Selat Hormuz Cs Aman,0
Trump Ngomel AS Kebanyakan Hari Libur Nasional: Miliaran Dolar Hilang!,1
"Bank DKI Resmi Umumkan Logo dan Call Name Baru, Bank Jakarta",0
Respons Budi Arie soal Pensiunan Himbara Bisa Masuk Kopdes Merah Putih,1
"Kopdes Merah Putih Diklaim Bisa Buka 1,6 Juta Lowongan Kerja",1
"Pembangunan IKN Masuk Fase Kedua, Lelang Mulai Akhir Juni",0
3 Pertimbangan Pemerintah Mau Revisi Aturan 'Pembunuh' Sritex Cs,1
Ekonom Prediksi Perang Iran-Israel Bisa Picu Perpecahan Anggota BRICS,1
Prabowo Bakal Resmikan 80 Ribu Kopdes Merah Putih pada 12 Juli,0
Cara Aktifkan Lagi BPJS Kelas PBI yang Telah Non Aktif,0
"IHSG Terjun 1,74 Persen ke 6.787 Usai 533 Saham Terbakar",1
Harga Minyak Dunia Diramal Tembus US$110 Jika Iran Tutup Selat Hormuz,1
Rupiah Layu ke Rp16.492 Sore Ini,1
"Uang Beredar RI Naik Jadi Rp9.406,6 T Pada Mei 2025",0
Mendag Buka Suara soal Sebab Ritel dan Mal di RI Berguguran,1
Kampus ke Industri: Digistar Connect Telkom Dukung Talenta Digital,0
Direksi Telkom Kunjungi Pelanggan dan Tinjau Infrastruktur di Surabaya,0
"MBG Baru Dinikmati 5,2 Juta Orang, Ciptakan Kerjaan Bagi 72 Ribu Jiwa",0
"Peringkat Daya Saing RI Anjlok Parah dari 27 ke 40, Kok Bisa?",1
"Pertama di Indonesia, BRI Terbitkan Social Bond Senilai Rp5 Triliun",0
halocoko Hadirkan Es Krim Halal untuk Indonesia di IIHF 2025,0
BRI Loyalty Poin Cashier 2025 Tebar Hadiah Bagi Merchant Pengguna EDC,0
"UMKM Rempah Lokal Mendunia, Labuna Bukukan Prestasi Bersama BRI",0
Prediksi Analis soal Harga Emas Setelah AS Bantu Israel Gempur Iran,1
Antisipasi Pertamina Kalau Sampai Selat Hormuz Ditutup Iran,1
"Jalan 20 Juta Barel Minyak, Ini Dampak Jika Iran Tutup Selat Hormuz",1
Tolak Angin Sajikan Keindahan Wakatobi di Mini Series 'Angin Angan',0
"7,3 Juta Peserta BPJS PBI Dinonaktifkan, Ada Apa?",1
Menaker Tegaskan Prinsip No One Left Behind Pilar Kebijakan Kerja,0
Rupiah Lesu ke Rp16.465 Imbas Ikut-ikutan Trump di Konflik Iran-Israel,1
Bank Muamalat & PosIND Luncurkan Layanan Tabungan Haji di Kantor Pos,0
"Israel-Iran Picu Minyak Naik 13 Persen, Level Tertinggi dalam 6 Bulan",1
Harga Bitcoin Cs Jatuh Usai Trump Bantu Israel Gempur Iran,1
Daftar Pilihan Saham di Tengah Kecamuk Perang Israel-Iran,1
IHSG Diprediksi Melemah Awal Pekan Ini,0
ID Survey Siap Bantu Pelaku Usaha Sertifikasi Halal Sampai ke LN,0
LPPOM Siap Bantu dan Dampingi Sertifikasi Halal Produk UMKM,0
BPJPH Tengah Susun Aturan Baru Mudahkan Sertifikasi Halal UKM,0
BPJPH Sebut Banyak Pelaku Usaha Tak Tertib Sertifikasi Halal,0
FOTO: Semarak Hari Ketiga Indonesia International Halal Festival 2025,0
BPJPH Buka 10 Ribu Lowongan Jadi Pendamping Sertifikat Halal,0
Kulkas SBS Banting Harga Gede-gedean di Transmart Full Day Sale,1
Pramono Resmi Ubah Logo dan Nama Bank DKI Jadi Bank Jakarta,0
"Smart TV 50 Inch Turun Harga Jadi Rp3,9 Jutaan di Transmart Hari Ini",1
Kemnaker Benchmarking ke BPK untuk Tingkatkan Kualitas JDIH,0
Kemnaker Percepat Transformasi Ketenagakerjaan Lewat 5 Program Andalan,0
"MUTU International Dukung BPJPH, Percepat Sertifikasi Halal UMKM",0
"Mesin Cuci Front Load 7 Kg Rp3,8 Jutaan di Transmart Full Day Sale",1
MUTU International Dorong Kesadaran Tentang Kehalalan di IIHF 2025,0
"Transmart Full Day Sale, Sepeda Listrik Diskon Gede Jadi Rp3,6 Juta",1
"Serba Murah di Transmart Full Day Sale, Sepeda Diobral Rp1 Jutaan",1
Beli AC 1 PK Cuma Rp3 Jutaan di Transmart Full Day Sale Hari Ini,1
"Transmart Full Day Sale, Koper Diskon Gede Jadi Mulai Rp500 Ribuan",1
VIDEO: Melihat Beda Cara Bank Dunia dan BPS Hitung Angka Kemiskinan RI,1
BPJPH Perkuat Ekosistem Industri Halal Nasional Lewat IIHF 2025,0
"Sobat Rebahan Merapat, Kasur Elite Hemat sampai Rp15 Juta di Transmart",1
BPJPH Beri Penghargaan dan Laptop ke LP3H & P3H Terbaik di IIHF 2025,0
Menaker Tekankan Pentingnya Kepercayaan dan Inklusi dalam Relasi Kerja,0
"Alat Masak Lagi Diskon di Transmart Full Day Sale, Mulai Rp30 Ribuan",1
"Alexandr Wang, Miliarder Muda Berharta Rp59 T dari Kecerdasan Buatan",1
Ayam Broiler Mulai Rp26 Ribu Per Ekor di Transmart Full Day Sale,1
Daftar Wakil Menteri Rangkap Jabatan Sebagai Komisaris BUMN,1
"Transmart Full Day Sale Balik Lagi Hari Ini, Tebar Diskon 50% + 20%",1
BPJPH Bocorkan Strategi Jitu Kantongi Sertifikat Halal dengan Mudah,1
Kemenhub Pastikan Ancaman ke Bom Pesawat Haji Saudi Airlines Hoaks,0
"IIHF 2025, ESQ Halal Center Rekrut Ribuan P3H Perkuat Ekosistem Halal",0
Kemenko Perekonomian Apresiasi Smelter PTFI Beroperasi Lebih Cepat,0
"Jangan Lupa ke Transmart Full Day Sale Besok, Ada Diskon 50% + 20%",1
ID Survey Edukasi Pengunjung soal Ruang Lingkup-Produk Halal,0
Besok Sepeda Listrik Diskon 25% + 20% di Transmart Full Day Sale,1
Mutu Internasional Apresiasi UMKM yang Raih Sertifikat Halal,0
Indonesia Tegaskan Komitmen Kerja Sama Strategis dengan Rusia,0
Anggur dan Pear Century Diskon 20% di Transmart Full Day Sale,1
Kemnaker & Kemenpar Jalin Kerja Sama Dorong Daya Saing SDM Pariwisata,0
Tebus Murah Aneka Barang Elektronik di Transmart Full Day Sale Besok,1
"Siapkan Daftar Belanja, Transmart Full Day Sale Kembali Lagi 22 Juni",1
Mutu Internasional Dukung Penuh RI Jadi Kiblat Ekonomi Islam,0
BPJPH Ungkap 83 Persen Konsumen RI Sadar Produk Halal,0
BPJPH Sebut Kaum Difabel Bisa Dilibatkan Kawal Proses Produk Halal,0
"Bandara Bandung Mau Dihidupkan Lagi, Pesawat Besar Dilarang Masuk",1
"BPJPH: Sertifikat Halal Tak Cuma soal Agama, Tapi Daya Saing Global",1
Bio Farma Komitmen Bangun Ekosistem Farmasi Halal Berdaya Saing Global,0
Pesona Wakatobi: Hidden Gem untuk Tenangkan Diri dan 'Healing',1
7 Fakta soal Ekonomi Iran di Tengah Perang Rudal dengan Israel,1
"Hari Pertama IIHF 2025: Dihadiri 40 Negara, Hasilkan 16 MoU dan 11 MRA",0
RI Ditawari Teknologi Pembangunan PLTN oleh China dan Rusia,0
PNM Sabet Silver di IDEAS 2025 Berkat Program Komunikasi ESG RE3,0
"Rumah Subsidi 18 Meter Dikritik, Ara Siapkan Rusun Anak Muda",1
"IIHF 2025, Ajang Temu Produsen Global dengan Importir Lokal",0
RI dan Uni Ekonomi Eurasia Sepakati Perjanjian Perdagangan Bebas,0
Tips Persiapkan Dana Pendidikan Anak,1
Apa Itu Saham Blue Chip dan Kenapa Banyak Diburu Investor?,1
Ayam Goreng Widuran Resmi Buka Lagi,0
Prabowo Promosikan Danantara Saat Pidato dalam Forum Ekonomi di Rusia,0
"Kemendag soal Kiprah Dagang RI: Membaik, Surplus dengan Banyak Negara",0
"Dukung Sekolah Rakyat, Kemnaker dan Kemensos Sepakat Optimalkan BLK",0
KKP Tegaskan Pulau Tidak Bisa Diperjualbelikan,0
Kementerian ESDM Godok Aturan Olah Uranium untuk Bahan Baku PLTN,0
"Sri Mulyani Tambah Investasi Indonesia di IsDB Cs Rp1,7 T",0
Bahlil Tawarkan Rusia Garap Ladang Migas RI,0
Ara Klarifikasi soal Wacana Larang Orang Punya Lebih dari 1 Rumah,1
Wamendag Roro Ungkap 'Mindset' Pembangunan Ekonomi Prabowo,1
"Pemerintah akan Renovasi Rumah Kumuh Pakai Utang Rp24,5 T Bank Dunia",1
"Pembangunan IKN Masuk Fase Kedua, Lelang Mulai Akhir Juni",0
"Danantara-RDIF Rusia akan Rilis Platform Investasi Rp37,6 T",0
Asthara Group Resmi Luncurkan Hunian Premium Asthara Skyfront City,0
Sri Mulyani: Polri Punya Tanggung Jawab Jaga APBN,0
ESDM Tunggu KKP Tentukan Nasib Izin Tambang PT GAG di Raja Ampat,1
"Dalam 1 Bulan, Lebih dari 1.000 Tiket Green Run 2025 Resmi Terjual",0
Satgas PASTI Minta Masyarakat Waspada Penipuan Keuangan Pakai AI,0
KSO SCISI Siap Kawal Sertifikasi Halal Impor Jelang 2026,0
MUTU International Fasilitasi Sertifikasi Halal Gratis untuk UMKM,0
IHSG Lunglai ke 6.907 Tutup Pekan Ini,1
"LPPOM Edukasi Sertifikasi Halal di IIHF 2025, Bisa Cek Produk Kulit",0
Rupiah Semringah ke Rp16.396 per Dolar AS Sore Ini,1
Menaker Ungkap Strategi Ketenagakerjaan Dukung Keberlanjutan Industri,0
"Disuntik Danantara Rp130 T, Program KUR Mau Digeser ke Perumahan",1
"Bebas Denda Pajak Kendaraan, Bayar di PRJ Bisa Bawa Pulang Suvenir",1
BCA Data Conference 2025 Dukung Adopsi AI Beretika di Dunia Bisnis,0
"Pepsi Investasi Pabrik Rp3,3 T di Cikarang, Operasi Sejak Januari",0
"Bank Dunia Desak Negara Berkembang Transparan soal Utang, Ada Apa?",1
LPH Mutu International Siap Jadi Pemain Industri Halal Global,0
"3 Cara Beli Emas Antam Resmi secara Online, Pasti Aman!",1
Kemendag: Dunia Sedang Tidak Baik-baik Saja,1
FOTO: Melihat Gelaran Indonesia International Halal Festival 2025,0
Investigasi Garuda: Belum Ada Bukti Kru Terlibat iPhone Raib di GA-716,1
Rumah Makan Ayam Goreng Widuran Buka Lagi Usai Polemik Tak Halal,1
BPJH Dorong UMK Sertifikasi Halal Demi Tingkatkan Daya Saing,0
Strategi Iran Jualan Minyak Saat Perang dengan Israel: Dekati China,1
"BEI Akan Perpanjang Jam Perdagangan Saham, Ini 3 Skenarionya",1
"Perkuat Jaring Pengaman Sosial, BRI Ambil Peran Jadi Penyalur BSU",0
Komitmen Indofood CBP Hadirkan Produk Halal ke Konsumen,0
26 Negara Teken Kerja Sama Halal dengan Indonesia di IIHF 2025,0
Nasabah PNM Mekaar Ubah Jeans Hasil Decluttering Jadi Fashion Keren,1
Kepala BPJPH Resmi Buka Indonesia International Halal Festival 2025,0
Kepala BPJPH Gaungkan Misi Global di IIHF 2025: Halal RI untuk Dunia,1
"BI Tahan Suku Bunga Acuan di 5,5 Persen, Ini Dampaknya ke Kredit",1
BI Ungkap Alasan Deputi Filianingsih Tak Hadiri Pemanggilan KPK,1
Rupiah Menguat ke Rp16.370 Pagi Ini,0
ESDM Sebut Tak Ada Pembicaraan PLTN dalam Kunjungan Prabowo ke Rusia,0
"Biaya Pernikahan Mewah Jeff Bezos Ditaksir Tembus Rp 808,9 Miliiar",1
5 Kebiasaan Frugal Living Warren Buffett yang Patut Dicontoh,1
"Ekonom Soroti Kepastian Hukum RI, Hambat Pertumbuhan Ekonomi dan Investasi",0
Kemenhub Targetkan Pelabuhan Pulau Baai Beroperasi Kembali Awal Juli 2025,0
"Simak, 7 Manfaat Frugal Living untuk Keuangan Pribadi",1
"Pesawat Batik Air Mendarat Miring, Ini Kata Manajemen",1
Jumlah Perjalanan LRT Jabodetabek Ditambah Mulai 1 Juli 2025,0
Warren Buffett Sumbang Saham Berkshire Hathaway Senilai Rp 97 Triliun,0
"Simak, Rincian Harga Emas Antam Hari Ini",1
KAI Imbau Masyarakat Lebih Tertib di Perlintasan Sebidang,0
Harga Emas di Pegadaian Hari Ini Kompak Turun,0
Daya Saing yang Merosot (Bagian I),0
"Saham Nike Melompat 17 Persen, Imbas CEO Tenangkan Investor",1
"Pemerintah Kantongi Rp 27,84 Triliun dari Penjualan SR022",0
"Kontroversi Rakyat ""Ngebor"" Minyak, Dulu Ilegal, Kini Diizinkan Bahlil",1
"Berlaku 17 Juli 2025, Cek Rincian Aturan Bagasi Lion Air",1
Siapa Pemilik RS Hermina?,1
Apa Bedanya Frugal Living dan Pelit?,1
"Menikah, Jeff Bezos Jual Saham Amazon Senilai Rp 87,3 Triliun",0
"Hari Ini Peron Jalur 2 Stasiun Tanah Abang Beroperasi, Simak Aturan Barunya",1
"Pejabat PU Sumut Kena OTT KPK, Menteri Dody Ngaku Sangat Terpukul",1
"Bahlil Buka Suara soal Kisruh Izinkan Warga ""Ngebor"" Sumur Minyak",1
"IHSG Turun 0,14 Persen di Pekan Pendek, Kapitalisasi Pasar Jadi Rp 12.098 Triliun",0
Siapa Pemilik Aquviva yang Ramaikan Persaingan Merek Air Mineral?,1
Kemenkeu Klaim Utang RI Lebih Rendah Dari Banyak Negara di Dunia,0
Pertamina International Shipping Cetak Pertumbuhan Laba Hampir 70 Persen Sepanjang 2024,0
Anak Buah Sri Mulyani Sebut Stimulus Fiskal 2025 Tak Bikin Utang Pemerintah Melonjak,0
"Resmi, Tarif Listrik Tak Naik Sampai September 2025",0
"Kriteria Syarat Penerima BSU 2025, Anda Termasuk?",1
"Untung Rugi Wacana Penggabungan Asuransi BUMN, Bisa Tanggung Risiko Lebih Besar?",1
"Cara Cek Penerima Bantuan Subsidi Upah BSU 2025, Cukup Lewat HP",1
"Perusahaan Merry Riana Bakal Melantai di BEI, Ada Sokongan dari Konglomerat Ini",1
Astra Agro Gandeng Generasi Muda Majukan UMKM Menuju Pasar Global,0
"Kembangkan Pemeliharaan Pesawat, Republik Aero Dirgantara Gandeng Secamic Perancis",0
"3 Link Resmi Cek NIK BSU di bsu.kemnaker.go.id, JMO, dan BPJS Tk",1
"Pakai NIK, Ini 3 Cara Cek BSU BPJS Ketenagakerjaan via Online",1
"Cetak Rekor Tertinggi Sepanjang Masa, Penjualan Listrik PLN IP Capai 83.000 GWh",0
"Beras SPHP Dikemas Ulang, Mentan: Hanya 20-40 Persen Sesuai Aturan",0
BSU Tahap 2 2025 Kapan Cair? ini Jawaban Menaker dan Sri Mulyani,1
Beras Subsidi Dioplos dan Dijual dengan Harga Premium,1
"Kopdes Merah Putih di Papua Terbentuk, Wamenkop: Perkuat Kemandirian Ekonomi Desa",0
Simak Promo Pembiayaan MUF Syariah di  BSI International Expo 2025,1
"Toko Online Bakal Kena Pajak, Kemenkeu: Omzet di Bawah Rp 500 Juta Bebas...",1
"Stimulus Fiskal Berlanjut, Bansos Beras dan BSU Diperpanjang? Ini Kata Kemenkeu",1
"Program Perlinsos Lanjut di Semester II/2025, Kemenkeu: Belanja Negara Kita Rp3.621 Triliun",0
Warren Buffett Sumbangkan Saham Senilai Rp 97 Triliun ke Lima Yayasan Amal,0
5 Hal Ini  yang Bisa Dinikmati Investor Reksa Dana,1
"Cara Buka Rekening BTN Online untuk Pencairan BSU 2025, Cukup Lewat HP",1
"Trump Hentikan Semua Pembicaraan Dagang dengan Kanada, Ada Apa?",1
"Gelar Ratas, Presiden Prabowo Bahas Kondisi Perekonomian Global hingga Kesepakatan Dagang Indonesia-AS",0
"Cara Beli Tiket Ragunan secara Online, Harga Mulai Rp 3.000",1
"Libur Panjang, Pertamina Tambah Stok 7,38 Juta Tabung LPG 3 Kg",0
"Beras SPHP Dioplos Jadi Premium, Mentan: Negara Tak Boleh Kalah dari Mafia",1
Apakah Anda Lolos Verifikasi dan Validasi BSU 2025? Ini Cara Ceknya,1
"RUPST 2025, Indofarma Umumkan Direksi dan Komisaris Baru",0
MNC Vision Tunjuk Legenda Bulu Tangkis Indonesia Kevin Sanjaya Jadi Direktur,0
"Resmi, Ini Tarif Listrik Juli 2025 untuk Semua Golongan Pelanggan",1
"Harga Emas Hari Ini di Pegadaian Turun, Simak Rincian Per 28 Juni 2025",1
3 Cara Cek Penerima Bantuan Subsidi Upah BSU Pakai NIK,1
"Harga Emas Antam Hari Ini Turun Rp 23.000, Simak Rincian Per 28 Juni 2025",1
8 Tips Frugal Living yang Wajib Diketahui Keluarga Kelas Menengah,1
"Resmi, Tarif Listrik PLN Juli–September 2025 Tidak Naik, Ini Daftarnya",1
"Prabowo Resmikan 47 PLTS, Lebih dari 5.000 Rumah Tangga di 3T Nikmati Listrik Bersih",0
Cara Buka Rekening Mandiri Online untuk Pencairan BSU 2025,1
"Beras SPHP Dioplos Jadi Premium, Mentan: Tolong Jangan Diulangi...",1
BPNT 2025 Tahap 2 Sudah Cair? Ini Cara Cek Penerima dan Statusnya,1
"Toko Online Bakal Dipungut Pajak, Warganet Ramai-ramai Kritik Sri Mulyani",0
Menanti Aksi Politik Prabowo Mengatasi Ketimpangan,0
"Wall Street Menghijau, S&P 500 dan Nasdaq Cetak Rekor Baru",0
Pemerintah Pastikan Tarif Listrik Juli-September 2025 Tidak Naik,0
[POPULER MONEY] Cara Cek Bansos BPNT 2025 Tahap 2 | Cara Cek Validasi BSU 2025,1
"AS dan China Konfirmasi soal Kesepakatan Perdagangan, Cabut Aturan Tarif?",1
"Cek BSU dengan NIK 2025, Ini Link Resmi dan Cara Cek Validasinya",1
"Kasus Kebocoran Data Naik, Aftech dan Hukumonline Kenalkan Sistem RCS",0
"Dollar AS Dekati Titik Terendah dalam 3,5 Tahun, Sinyal Pasar Tak Lagi Percaya Trump dan The Fed?",1
"3 Skill Finansial yang Wajib Dikuasai Remaja dan Mahasiswa, Apa Saja?",1
"Wall Street Tembus Rekor di Akhir Pekan, Sinyal Pasar Bullish Baru Muncul?",1
Ini 6 Jurus Agar Harta Warisan Tak Jadi Sumber Konflik Keluarga,1
"Duduk Perkara Toko Online Bakal Kena Pajak 0,5 Persen, Pemerintah Pastikan Bukan Pungutan Baru",0
"Gencatan Senjata Iran-Israel Redakan Pasar, Harga Minyak Dunia Turun Pekan Ini",0
Laba Bersih Pertamina Marine Solutions 2024 Tumbuh 126 Persen,0
"Ekosistem Beras Biofortifikasi, Strategi Baru Kendalikan Harga",0
PHE Andalkan Teknologi Tangkap Karbon untuk Hadapi Emisi dan Tarik Investasi,0
Ini Empat Alasan Pemerintah untuk Segera Realisasikan Zero ODOL,1
"Pertamina Hulu Energi Kantongi Kredit Rp 19,8 Triliun dari Bank Global",0
"Harga Beras di Jepang Mulai Stabil, Usai Melonjak Berbulan-bulan",0
"Pro Kontra Pelaku Industri soal Pengenaan BMAD Benang Filament Asal China, Siapa yang Dirugikan?",1
"Taksi Terbang EHang Diuji Coba, Bagaimana Aspek Keamanan dan Dasar Hukumnya ?",1
"Bitcoin Melesat, Dekati Rekor Tertinggi di Tengah Sinyal Pemangkasan Suku Bunga AS",0
Kopdes Merah Putih Bakal Suplai Bahan Baku dan Kelola Dapur Umum MBG,0
"Gandeng BNI, Pameran ""Mommy N Me"" Kembali Digelar di JICC, Targetkan Transaksi Besar",0
Anwar Ibrahim: Potensi Investasi RI-Malaysia Sangat Besar Tapi Belum Dioptimalkan,0
Prabowo: RI dan Malaysia Sama-sama Bisa Mengeksploitasi Laut Ambalat,0
"PM Malaysia Anwar Ibrahim Dukung Kerja Sama Ekonomi ""Joint Development"" di Blok Ambalat",0
"RI-Malaysia Sepakati Kerja Sama Ekonomi ""Joint Development"" di Blok Ambalat yang Kaya Migas",0
Pertemuan Prabowo-PM Malaysia Anwar Ibrahim Bahas Investasi dan Perdagangan,0
"Dari Mana Sumber Dana Kopdes Merah Putih? Menkop: dari Bank BUMN, LPDB, hingga BPD",1
"Airlangga dan Rosan Roeslani Temani Prabowo Bertemu PM Malaysia Anwar Ibrahim, Apa yang Dibahas?",1
"Revisi Aturan Impor Tekstil Mendesak, Industri Terancam PHK Massal",1
"KAI Uji Coba Percepatan Kereta Bandara, Targetkan Tempuh Lebih Cepat",0
Elon Musk Pecat Kepala Produksi Tesla Omead Afshar,0
"Harga Tiket PRJ 2025, Jadwal Konser, dan Lokasi Parkir di JIExpo",0
"Investigasi BBC Ungkap Bisnis Calo Makin Canggih, Raup Miliaran Rupiah Setahun",1
"Switchover Tanah Abang Mulai 28 Juni, Ini Jalur KRL yang Berubah",1
"Produsen dan Pedagang yang Curangi Kemasan dan Mutu Beras Bisa Dipenjara 5 Tahun, Denda Rp 2 Miliar",0
"Produsen dan Pedagang yang Curangi Kemasan dan Mutu Beras Bisa Dipenjara 5 Tahun, Denda Rp 2 Miliar",0
Lolos Verifikasi BSU tapi Belum Cair? Simak Alur Pencairan BSU 2025,1
"Mobil Listriknya Dapat 200.000 Pesanan dalam 3 Menit, Saham Xiaomi Melonjak",1
Baja di Medan Perang (Bagian II-Habis),0
Baja di Medan Perang (Bagian I),0
"Kebijakan Zero ODOL Jalan Terus, Menhub: Tidak Perlu Regulasi Baru",0
Apindo Dukung Rencana Pemungutan Pajak Pedagang Online oleh Marketplace,0
Peringatan Keras Bapanas ke Pedagang Beras: Kemasan Harus Sesuai Aturan,1
"Revisi Aturan Panas Bumi Disiapkan, Lelang dan Insentif Jadi Sorotan",0
Nike Pangkas Produksi di China demi Hindari Tarif Impor AS,0
"Situasi Timur Tengah Melandai, Penutupan Pasar Saham Pekan ini Diprediksi Positif",0
"Komisaris dan Direksi Panin Bank Mundur, Struktur Saham Dirombak",1
"Diskon Tol 20 Persen di 12 Ruas pada 27–29 Juni 2025, Cek Daftarnya",1
"Mentan Amran Ungkap Beras SPHP Dioplos, Dijual dengan Harga Premium",1
"Harga Emas di Pegadaian Hari Ini 27 Juni 2025, UBS dan Galeri24 Turun",0
"Harga Emas Antam Hari Ini 27 Juni 2025, Turun Jadi Rp 1,9 Juta Per Gram",0
"Jaga Keselamatan, Ini Aturan Perlintasan KA yang Perlu Diketahui",1
"Menhub: Tunda Zero ODOL, Korban dan Kerugian Akan Terus Bertambah",0
Siasat Mendag Genjot Penetrasi Produk Halal di Pasar Pasar Australia,0
"Menteri Pertanian: Stok Beras Melimpah, Harga dan Mutu Tak Wajar",1
Ekonom: SLIK Bukan Daftar Hitam yang Halangi Persetujuan KPR,0
"Terendah Sejak 2020, Mendag Ungkap Biang Kerok Anjloknya Surplus Neraca Dagang April 2025",1
"Penerapan Zero ODOL Tertunda 16 Tahun, Menhub: Sebabkan 6.000 Orang Meninggal Dunia",0
"OpenAI Soroti Zhipu AI, Startup China yang Didukung Negara",0
"BI: Keuangan Syariah Lebih Tahan Guncangan, Punya Aset Dasar Nyata",0
"Aset Eks-BPPN Senilai Rp1,28 Triliun Resmi Diserahkan ke 11 Instansi",0
"Cara Cek Bansos BPNT 2025 Tahap 2, Klik cekbansos.kemensos.go.id",1
Menhub: Ancaman Bom Tak Boleh Dianggap Enteng,1
"Taksi Terbang Diuji Coba, Kemenhub Kaji Aspek Keamanannya",0
"Soal Reaktivasi Bandara Husein Sastranegara, Menhub Minta Farhan-Dedi Mulyadi Komunikasi",0
"Cara Cek Validasi BSU 2025 dengan NIK, Apakah Kamu Lolos?",1
"Diskon Tol Trans Jawa Hari Ini, Jakarta-Semarang Jadi Rp 330.800",0
Garuda Indonesia Masuk Daftar Perusahaan Terbaik Se-Asia Tenggara versi Fortune Southeast 500,0
"Jadwal KRL Solo - Jogja pada 27, 28, dan 29 Juni 2025",0
"Jadwal KRL Jogja - Solo pada 27, 28, dan 29 Juni 2025",0
Bagaimana Regulasi Taksi Terbang? Menhub Beri Penjelasan,1
"Proyek Panas Bumi PGE Dapat Suntikan Investasi Rp 1,94 Triliun dari Danantara",0
Kinerja Anak Usaha KRAS Terdongkrak Penjualan Lahan Industri,0
"Saham Nvidia Cetak Rekor, Kekayaan Jensen Huang Naik Rp 82 Triliun",0
"Bukan Pajak Baru, Apindo Dukung Aturan E-commerce Jadi Pemungut PPh Final UMKM",0
BI: Keuangan Syariah Lebih Tahan Krisis karena Punya Underlying Asset,0
Pertamina Hulu Rokan Jadi Tulang Punggung Migas Nasional 2024,0
"Tak Hanya Pelaut, Klinik BKKP Kemenhub Kini Layani Masyarakat Umum",1
"Cara Cek Validasi BSU 2025 di bsu.kemnaker.go.id, Cukup Pakai NIK",1
"Dukung Peningkatan Kualitas hingga Akses Pasar Digital, Peruri Antar Dua UMKM Raih Penghargaan",0
Bos BSI: Ekonomi Syariah Harus Jadi Arus Utama Pembangunan Ekonomi,0
"Taksi Terbang Belum Jadi Solusi Kemacetan Jakarta, Menhub Sebut Masih Mahal",0
"Titik Terang Pembentukan Satgas PHK Juli 2025, Bermula dari Usulan Buruh...",1
"Pesawat Jemaah Haji 2 Kali Diancam Teror Bom, Menhub: Meski Hoaks Tetap Dilacak",0
"Pendapatan Fore Coffee (FORE) Rp 1,04 Triliun pada 2024, Bidik Peningkatan Tahun Ini",0
"Investasi Hijau Mengalir ke Jateng, Potensi Rp 132 Triliun Menanti",0
Danantara Indonesia Incar Investasi di Industri K-Pop dan Drama Korea,0
"Pelindo Luncurkan Dermaga Terapung di Benoa, Awali Pembangunan Marina Wisata",0
"Penipuan Online Rugikan Warga Rp 3,2 Triliun, OJK: Sudah Memprihatinkan",0
Bahlil Resmikan Legalitas Sumur Minyak Rakyat Lewat Peraturan Menteri,0
"Produksi China-India Naik, Ekspor Batu Bara RI Tertekan",0
"Adaro Jual 145 Juta Saham CITA, Fokus Perkuat Keuangan",0
"Kuota Impor Sapi Hidup Dibebaskan, Zulhas: Yang Beku Dikendalikan",0
BTN Siapkan KPR untuk Proyek Hunian Vertikal Investor Qatar,0
"Inisiatif Sosial United Tractors dan PTAR Diakui, Ada Apa di Baliknya?",1
"Pelabuhan Bengkulu Dikeruk 24 Jam, Target Tuntas Akhir Juni",0
"Cara Cek Validasi BSU 2025 dengan NIK, Klik bsu.kemnaker.go.id",0
Dirjen Pajak Blokir Ribuan Rekening Penunggak Pajak di 11 Bank Besar,0
"Daftar Aset Kripto Diperketat, Apa Dampaknya ke Investor Lokal?",1
"Anggaran MBG 2025 Turun Jadi Rp 121 Triliun, Ini Alasannya",1
Erick Thohir Bakal Kembangkan KEK Kesehatan ke Berbagai Daerah Indonesia,0
"Promo Blibli Payday untuk Liburan, Ada Cashback hingga Rp 700.000",0
"Profil Hendro Martowardojo, Komut Krakatau Steel (KRAS) yang Baru",0
"Thailand Perketat Regulasi Ganja Rekreasi, Industri Bernilai Triliunan Terancam",0
Samator (AGII) dan China Bentuk Gugus Tugas Energi Bersih Bareng,0
Menakar Pajak Aplikasi Digital: Antara Kepastian Hukum dan Keadilan Ekonomi,0
"Putusan MA Larang Ekspor Pasir Laut, Menteri Kelautan: Kita Harus Patuhi",0
"Pedagang e-Commerce Bakal Dipungut Pajak, Menteri UMKM Bakal Ketemu Sri Mulyani",0
Bos Medco Energy Buka-bukaan soal Rencana Ekspor Listrik ke Singapura,1
"IHSG Menguat di Penutupan Akhir Pekan, Kurs Rupiah Menguat",0
"Istana: Satgas PHK Launching Juli 2025, Bareng Dewan Kesejahteraan Buruh",0
"Target 82,9 Juta Penerima MBG di Desember 2025, Zulhas: Anggarannya Rp121 Triliun",0
Bahlil Optimistis Penambahan Produksi Blok Cepu Bisa Wujudkan Swasembada Energi,0
"Anggaran MBG Baru Terserap Rp 5 Triliun, Prabowo Bakal Terbitkan Perpres Baru",0
"Revisi Aturan Impor Tuntas, Istana Sebut Diumumkan Pekan Depan",1
"E-commerce Bakal Jadi Pemungut Pajak, Kepatuhan Pajak Naik?",1
"Bea Cukai Catat Kinerja Positif di Tengah Ketidakpastian Ekonomi Global, Penerimaan Tembus Rp 122,9 Triliun",0
"Melantai 9 Juli, Merry Riana Education Tawarkan 266 Juta Saham",0
"OJK Wajibkan Co-Payment, Prudential: Kami Sudah Siap Sejak Setahun Lalu",0
Bank Mandiri Dukung Kemenko Pangan Perkuat Kapasitas Koperasi Desa Merah Putih,0
Blibli (BELI) Masuk Daftar 500 Perusahaan Terbaik di Asia Tenggara,0
"Bali–Adelaide Kini Terhubung Langsung, AirAsia Terbang Empat Kali Sepekan",0
Mendag Pede Manufaktur RI Tak Terdampak Konflik Iran-Israel,0
"Kementan Temukan Kecurangan Beras, Konsumen Dirugikan Rp 99 Triliun",1
"Emtek Tambah Kepemilikan Saham di SCMA, Kini Pegang Hampir 65 Persen",0
"Pemerintah Tunjuk Marketplace Jadi Pemungut Pajak, Bukan Pajak Baru",1
Medco Akusisi Blok Migas di Sumsel dari Repsol,0
"Kinerja Keuangan Jeblok, Aplikasi Kencan Bumble PHK 30 Persen Karyawan",0
"RUPS Krakatau Steel, Komisaris Utama dan Direktur Keuangan Diganti",0
"Pedagang E-commerce Bakal Dipungut Pajak, Ini Respons Mendag",1
Rumah Subsidi Kecil 18 Meter Persegi? Hashim Bilang Masih Wacana,1
"Grup Djarum Beli Saham Hermina (HEAL), Rogoh Kocek Rp 1,04 Triliun",0
"Prabowo Resmikan Serentak Pembangkit Listrik EBT di 15 Provinsi, Total Investasi Rp 25 Triliun",0
"SBR014 Terbit 14 Juli 2025: Keuntungan, Cara Beli, dan Kuponnya",0
Quraish Shihab dan 2 Anggota Dewan Pengawas Syariah CIMB Niaga Mundur,0
Menabur Benih dan Bibit untuk Swasembada Pangan Nasional,0
"Qatar Bangun 50.000 Apartemen Subsidi dIndonesia Senilai Rp 40,5 Triliun, Dilengkapi Kolam Renang",1
"Sudah Bisa Diakses, Ini Cara Cek Validasi BSU 2025",1
Muhammadiyah Gandeng DMMX Percepat Digitalisasi Ekosistem Bisnis Amal Usaha,0
Asosiasi Ingatkan Dampak Konflik di Timur Tengah ke Sektor Logistik,0
"Filipina dan Jepang Garap Ekonomi Syariah, Indonesia Jangan Mau Kalah",1
"Soal Kuota Internet Hangus, Ini Kata Pengamat",1
"Dorong Keberlanjutan Gas Bumi untuk Industri, PGN Optimalkan Peran Agregator Gas Bumi Nasional",0
"Prabowo Optimistis Indonesia Bisa Swasembada Pangan di 2026, Mengapa?",1
"Prabowo Resmikan PLTP Blawan Ijen, Nilai Investasi Rp 3,9 Triliun",0
"Promo Libur Sekolah, DAMRI Beri Diskon Tiket 15 Persen, Cek Rutenya",1
"Nilai Ekspor Produk Halal RI ke Australia  Kuartal I/2025 Tembus Rp 2,5 Triliun",0
BSU Tahap 2 Kapan Cair? Ini Penjelasan Kemenaker dan Cara Ceknya,1
PALM Cari Tambahan Modal dengan Dua Aksi Korporasi Ini,1
"Permendag 15/2025, Upaya Kemendag Sempurnakan Standardisasi Perlindungan Konsumen dan Dongkrak Daya Saing Produk Nasional",0
"Marketplace Bakal Jadi Pemungut Pajak, UMKM Kecil Tetap Dikecualikan",0
Kilang Pertamina Cetak Rekor Produksi pada 2024 dan Kurangi Emisi Karbon,0
"Mendag Busan Terbitkan Permendag 14/2025, Atur Promosi Dagang dan Penguatan Citra Indonesia di Luar Negeri",0
"Harga Gas Naik-Turun, PGN Janji Tak Lepas Tangan",1
Alasan Ini Bikin Kasus Pailit di Asuransi Jiwa Tak Kunjung Selesai,1
Bantuan Belum Cair? Ini Penyebab Gagal dapat BSU Menurut Kemenaker,1
"Sebanyak 17.000 Perempuan Ikut Program Digital, Indosat Targetkan UMKM Naik Kelas",0
Aktor Ario Bayu Jadi Dirut Tripar Multivision Plus (RAAM),0
"Usaha Ultra Mikro Dikuasai Perempuan, tapi Masih Sulit Akses Modal",0
Teknologi Kesehatan Ubah Lanskap Bisnis Rumah Sakit di Daerah,0
"BSU 2025 Tahap Pertama Sudah Disalurkan, Kapan BSU Tahap 2 Cair?",1
"Toko Online di Shopee hingga Tokopedia Bakal Kena Pajak, Ini Penjelasan Pemerintah",1
Kopdes Merah Putih Serap Bisa Serap 2 Juta Tenaga Kerja,0
"Jika Pajak Toko Online Diterapkan, Tokopedia-TikTok Shop Minta Hal Ini ke Pemerintah",1
Diskon Iuran JKK 50 Persen Bakal Diperpanjang hingga 2026,0
"Memaknai BI Rate 5,50 Persen",0
"Harga Emas Pegadaian 26 Juni 2025: Antam dan Galeri24 Stagnan, UBS Anjlok",0
IHSG dan Rupiah Kompak Dibuka Menguat,0
"Harga Emas Antam Hari Ini Turun Rp 8.000, Simak Rincian Per 26 Juni 2025",1
"Ditjen Pajak Finalisasi Aturan, Siap-siap Toko Online di Shopee hingga Tokopedia Dikenai Pajak",1
"Harga Emas Dunia Stabil, Investor Hati-hati Jelang Rilis Data Ekonomi AS",0
"BSI International Expo 2025 Dibuka Hari Ini, Simak Beragam Promo Beli dan Cicil Emas Bank Syariah Indonesia",1
KPPU Minta Danantara Konsultasikan Penyaluran Investasi Hindari Persaingan Usaha yang Tidak Sehat,0
"Institusi Besar Terus Akumulasi Bitcoin, BlackRock dan Fidelity  Borong BTC Senilai Rp 8,5 Triliun",0
"Cara Buka Rekening Bank Himbara untuk Pencairan BSU 2025, Bisa Online",1
"IHSG Hari Ini Diproyeksikan Melemah, Simak Analisis dan Rekomendasi Saham Kamis",1
"Wall Street Ditutup Bervariasi, Saham Nvidia Melonjak Sentuh Rekor Tertinggi",0
"Cara Cek NIK Penerima BSU 2025, Klik bsu.kemnaker.go.id",1
Harga Minyak Kembali Naik Usai Gencatan Senjata Iran-Israel Diprediksi Berjalan Stabil,0
Mengapa Revisi Permendag 8/2024 Tak Kunjung Diumumkan Pemerintah ?,1
KPPU Temui Luhut Bahas Apa?,1
Koperasi Merah Putih Jangan Bermain di Bitcoin,0
[POPULER MONEY] Bisnis Milik Ustaz Khalid Basalamah yang Membuatnya Dipanggil KPK | KAI soal Petugas KA Minta Balita Tak Punya Tiket Ditinggal,1
"Intip Harga Sorgum, Pangan Alternatif yang Semakin Digemari Pecinta ""Healthy Lifestyle""",1
Transaksi Digital BNI Tembus Rp 764 Triliun,0
Cara Perbarui Rekening BSU 2025 agar Bantuan Rp 600.000 Cair,1
"Bandara Kertajati, Realita Pahit Proyek Triliunan",1
"Kemenkeu Salurkan Dana Desa Rp 37,38 Triliun hingga Juni 2025",0
Menteri ATR Tegaskan Pulau-pulau Kecil Tak Bisa Dimiliki Asing,0
Cara Login Aplikasi JMO untuk Cek Status Penerima BSU 2025,1
"Toko Online Bakal Kena Pajak, Ini Komentar Warganet",1
"Bahas Dampak Konflik Iran-Israel, Menteri ESDM Bertemu Pertamina",0
"Ketua KPPU Temui Luhut, Soroti Minimnya Respons Pemerintah atas Saran Kebijakan Persaingan Usaha",0
"FESyar Sumatera 2025: Catat Transaksi Rp 12,4 Miliar, Sertifikasi Halal 100 UMKM",0
"Laksanakan Penugasan Kemenhub, Pelindo Kebut Pengerukan Alur Bengkulu untuk Kelancaran Logistik Pulau Enggano",0
"Pembatalan Klaim Kurang dari Satu Persen, Industri Asuransi Jiwa Bayar Mayoritas Pengajuan",0
"AI Ancam Ambil Alih Pekerjaan Manusia, Kuasai 3 Skill Ini",1
"Wamentan Jadi Ketum HKTI, Akhiri Dualisme",0
Toko Onilne Bakal Kena Pajak? Ini Kata Ditjen Pajak,1
"Pertamina NRE Catatkan Laba Bersih Rp 1,39 Triliun di 2024",0
"Sudah Diterapkan di Luar Negeri, Skema Co-Payment Dipercaya Tekan Harga Premi",0
"Kopdes Merah Putih Bisa Ajukan Modal Usaha Mulai Awal Bulan Depan, Begini Mekanismenya",1
"Aturan Pajak Marketplace Disiapkan, Asosiasi Harap Implementasi Bertahap",0
"Revitalisasi Tambak di Pantura Jabar Dimulai, Target Produksi Naik 240 Kali Lipat",1
Wacana Konsolidasi Asuransi Jiwa BUMN Dinilai Tak Ganggu Bisnis Swasta,0
Pemerintah Bakal Pajaki Toko Online yang Beromzet Rp 500 Juta,0
"Lesu IPO Semester Pertama, Baru 14 Perusahaan Melantai di BEI",0
Kemenperin Ungkap Biang Kerok Lemahnya Daya Saing Industri RI,1
Bahlil Mau Ambil Orang KPK dan TNI Jadi Pejabat Ditjen Penegakan Hukum,1
"Gandeng LPEI, KB Bank Perkuat Pembiayaan Ekspor UMKM Indonesia",0
"Hari Pelaut Sedunia 2025, Kemenhub Kampanyekan Budaya Kerja Bebas Pelecehan di Kapal",0
Kapan BSU Tahap 2 Cair? Menaker dan Sri Mulyani Beri Bocorannya,1
Gejolak Selat Hormuz Picu Risiko Baru bagi Industri Manufaktur RI,0
"Tinggalkan Karier Akuntan, Kakak-Adik Ini Bangun Bisnis Pakaian hingga Omzet Rp 2,7 Triliun",1
BEI Bakal Buka Short Selling pada September Tahun Ini,0
"Apa Itu Short Selling? Ini Penjelasan, Mekanisme, dan Risikonya",1
"IHSG Hari Ini Melemah 0,54 Persen, Kurs Rupiah Terus Menguat",0
"Danantara Buka-bukaan Alasan Suntik Garuda Rp 6,6 Triliun",1
"Gas PGN Kian Digemari UMKM Medan: Bolu Meranti Hemat Energi 50 Persen, Wajir Seafood 30 Persen",0
Menteri Kelautan Ungkap Ikan di Waduk Cirata Tak Layak Dimakan: Kandungan Merkurinya Sangat Tinggi,1
"Imbas Perang Iran-Israel, Kemenperin Sebut Biaya Logistik dan Produksi Industri Manufaktur RI Naik",0
"BSU 2025 Cair Lewat Kantor Pos, Simak Syarat dan Cara Cek Penerima",1
Defisit Anggaran Tahun Ini Diprediksi Melebar karena MBG,0
Menteri Kelautan Tegaskan Pulau-pulau di Indonesia Tak Bisa Diperjualbelikan,0
"Soal Premanisme, Dedi Mulyadi: Kalau Denger Proyek Berarti Duit...",1
"Anjungan Baru Migas Dikirim ke Laut Jawa, Target Tambah Produksi 3.000 Barrel",0
Trump Sebut China Bisa Terus Beli Minyak Iran Meski Sanksi AS Berlaku Ketat,0
"Peringati HANI 2025, Bea Cukai Rinci Capaian dalam Pemberantasan Narkoba",0
"Gaungkan UMKM Paten, Shopee Dorong Penopang “Nadi” Perekonomian Indonesia Terus Tumbuh",1
"Taksi Terbang EHang 216-s Diuji Coba di PIK 2, Klaim Sudah Ada Izin dari Kemenhub",0
Negara Rugi Rp 43 Triliun Setahun Gara-gara Truk ODOL,1
"Saratoga Investama Sedaya (SRTG) Bakal Tebar Dividen Rp 14,75 Per Saham",0
Danantara Akan Suntik Rp 26 Triliun untuk Revitalisasi Tambak di Pantura,0
Perdana Menteri China: Ekonomi Bakal Tetap Kuat Meski Model Bisnis Berubah,0
BSU Tahap 2 Kapan Cair? Ini Cara Cek Status Pencairannya,1
Zulhas Tegaskan Penghapusan Kuota Impor Sapi Sudah Berlaku,0
DPR Nilai BPKH Layak Jadi Pemain Besar di Ekosistem Haji,0
Perang dan Persepsi Harga,0
"Krisis Pulau Enggano, Menteri Kelautan Siapkan 4 Solusi Permanen Ini",0
Askrindo Beri Perlindungan Asuransi Public Liability untuk Bahana Security Sistem,0
"Jeff Bezos Dituding Minim Bayar Pajak, Pernikahan Mewahnya di Venesia Tuai Protes",1
Apa Itu Truk ODOL yang Bikin Ribuan Supir Truk Demo dan Blokir Jalan?,1
"Muhammadiyah Luncurkan e-KTAM, Satu Identitas Digital untuk Seluruh Anggota",0
"Warga Pulau Enggano Terisolasi, Menteri Kelautan Janjikan Bantu Akses",0
"OJK Awasi Ketat BPR, Kredit Macet Sudah 2 Kali Lipat Ambang Batas",0
"Bahlil Tunjuk Mantan Jaksa, Rilke Jeffri Huwae Jadi Dirjen Penegakan Hukum",0
Mayoritas Bos IT di Indonesia Siap Genjot Investasi Data Streaming,0
"Selat Hormuz, Jalur Minyak Rp 9.700 Triliun yang Terancam Tutup",1
BEI Bukukan Laba Bersih Rp 673 Miliar Sepanjang 2024,0
Deretan Bisnis Khalid Basalamah,1
Menaker Yassierli Akui Ada Ancaman PHK di RI Imbas Perang Iran-Israel,0
"Menteri KP Trenggono: Pulau Kecil Tidak Boleh Dijual, Akan Diawasi Satelit",0
Medela Potentia (MDLA) Tebar Dividen Setara 40 Persen Laba Bersih 2024,0
"OCBC NISP Terbitkan Obligasi Rp 1,5 Triliun, Bunga hingga 6,55 Persen",0
"Bukalapak Putuskan Tak Bagi Dividen, Komisaris Utama Diganti",0
"Produk Bumbu Masak RI Masuk Ritel Mesir, Ekspor RI ke Mesir Tembus 545 Juta Dollar AS",0
"MahakaX Catat Laba Rp6 Miliar pada 2024, Komisaris Utama Diganti",0
"Viral, Kampanye Terbaru Shopee Sedot Perhatian Warganet",1
Menteri Kelautan Ungkap Ada Pulau Indonesia yang Dijual di New York,1
"Bertemu Menkeu Saudi, Sri Mulyani Bahas Perang Israel-Iran dan Dampaknya ke Global",0
"Sungai Jabar Akan Dijaga Marinir, Dedi: Dua Tahun Tak Boleh Ada Bangunan Liar",0
"Viral Video Petugas KA Minta Balita Tak Punya Tiket Ditinggal di Stasiun, Ini Respons KAI",1
"Tak Bagi Dividen, Imago Mulia (LFLO) Pilih Bertahan di Tengah Ancaman Global",0
"SPMB STAN 2025 Segera Dibuka, Ini Tahapan, Jadwal, dan Kuotanya",0
Pertamina Jual 105 Juta KL BBM Sepanjang 2024,0
"Cek Bansos BPNT 2025, Ini Tanda Bantuan Siap Cair",1
"Pengumuman Hasil Revisi Permendag 8/2024 Ditunda, Apa Alasannya?",1
"Simak Daftar Kurs Rupiah 5 Bank Besar di Indonesia, Rata-rata Jual di Rp 16.300",0
"Harga Emas di Pegadaian 25 Juni 2025: Antam dan Galeri24 Turun, UBS Naik Tipis",0
"Mentan Amran Pastikan Penerapan B50 ""On Track"" hingga 2026",0
"BSU 2025 Sudah Cair, Ini Cara Update Rekening agar Bantuan Masuk",1
Asosiasi Tekstil Sebut BMAD Berdampak Buruk pada Industri Hulu,0
Mengenal Bisnis Biro Umrah dan Haji Milik Ustaz Khalid Basalamah,1
"Sejarah Baru Pertanian RI, Tumbuh 10,52 Persen, Tertinggi dalam 15 Tahun",0
Cara Bank Jago (ARTO) Tumbuhkan SDM yang Inovatif,0
Cek Rincian Harga Emas Antam Hari Ini 25 Juni 2025,0
"Iran-Israel Gencatan Senjata, Harga Emas Dunia Merosot ke Level Terendah Dua Minggu",0
"Kisah Ibu Rumah Tangga di Belitung, Bangun Usaha Batik di Tengah Gempuran Batik Cap",1
"IHSG Naik di Pembukaan Perdagangan Bursa, Kurs Rupiah Menguat ke Level 16.200-an",0
"KAI Miliki Aset 327 Juta Meter Persegi, Upayakan Sertifikasi Massal untuk Dukung Transportasi Nasional",0
Harga Minyak Dunia Anjlok Setelah Iran-Israel Gencatan Senjata,0
"Cek Jadwal Pencairan BSU 2025, Punyamu Sudah Masuk?",1
"Saratoga Investama Sedaya (SRTG) Gelar RUPS Hari Ini, Simak Rincian Agendanya",1
IHSG Hari Ini Lanjut Menguat? Simak Analisis dan Rekomendasi Saham Rabu,1
Wall Street Menguat di Tengah Penurunan Harga Minyak Mentah Dunia,0
"Kenapa 1,24 Juta Pekerja Belum Terima BSU Tahap Satu? Ini Alasannya",1
"Jika Selat Hormuz Ditutup, Kapal Minyak Ubah Rute, Apakah Harga BBM Pertamina Bakal Naik?",1
"Buka Rekening BNI Online untuk BSU 2025 Tanpa ke Bank, Begini Caranya",1
"Iran-Israel Sudah Gencatan Senjata, Kapal Minyak di Selat Hormuz Masih Gangguan GPS",0
"Hari Ini Revisi Permendag 8/2024 Diumumkan, Jadi Babak Baru Industri Tekstil?",1
Bahlil Sebut Prabowo Bakal Resmikan Proyek Baterai EV CATL pada 29 Juni 2025,0
Perang Israel-Iran Bikin Garuda Indonesia Setop Penerbangan ke Doha Qatar hingga 1 Juli,0
Cara Buka Rekening BRI Online untuk Pencairan BSU 2025,1
"Cerita Adena Coffee, Terima ""Blended Finance"" dari DBS Indonesia untuk Pemberdayaan Petani Kopinya",1
"Perang Iran-Israel Bikin Maskapai RI Terdampak, Harus Alihkan Rute hingga RTB",0
"BSU 2025 Cair Lewat Bank Himbara, Begini Cara Buka Rekening Online",1
"Prabowo Kunjungi Sarinah Bareng Titiek Soeharto dan Didiet, Lihat-lihat Sepatu dan Batik",1
Cara Cek Penerima BSU 2025 via Aplikasi JMO,1
"[POPULER MONEY] Jika PD 3 Pecah, Indonesia Jadi Salah Satu Negara Teraman | Iran-Israel Gencatan Senjata, Harga Minyak dan Emas Turun Drastis",1
"Danantara Suntik Garuda Rp 6,65 Triliun, Mau Dipakai Buat Apa?",1
Bahlil Ungkap Rusia-Kanada Minat Investasi Pembangkit Nuklir di RI,0
"OH!SOME Buka Toko Ke-100 di Indonesia, Siap Ekspansi Lebih Luas",0
"Kriteria Syarat Penerima BSU 2025, Begini Cara Ceknya",1
"Dialokasikan Rp 16,71 Triliun untuk 1,44 juta Guru, Kapan Tunjangan Guru Tahap 2 Cair?",1
BKPM Tempatkan Desk Khusus di Batam untuk Percepat Perizinan Investasi,0
Bank Mandiri Dukung Purna PMI Jadi Pengusaha Tangguh lewat Workshop Bapak Asuh di Indramayu,0
Produk Schneider Electric Buatan Pabrik Bekasi Sudah Penuhi TKDN 40 Persen,0
Peran Peserta dalam Skema Co-Payment Jadi Kunci Penurunan Harga Premi,0
"Sinarmas Gandeng Bahana Sekuritas, Perluas Distribusi Reksa Dana Digital",0
"Ada Konflik Iran-Israel, Garuda Hentikan Sementara Penerbangan ke Doha Qatar",0
"Luncurkan ""Blended Finance"", DBS Indonesia Siapkan Dana Rp 24 Miliar Untuk UKM",0
"Menteri UMKM Evaluasi Belanja Produk Lokal Pemerintah, Ini Sebabnya",1
"Garuda Dapat Suntikan Modal Rp 6,6 Triliun dari Danantara, Buat Apa?",1
"BSU Sudah Cair Tahap 1, Tahap 2 Kapan?",1
"Harga Minyak Bergejolak karena Konflik Iran-Israel, Bahlil: Doakan Perang Selesai...",1
"BSU Sudah Cair Tahap Pertama, Segera Cek Rekening",1
"Gelar RUPS, MSIG Life Insurance (LIFE) Tebar Dividen Rp 336 Miliar",0
Kapan Stasiun Karet Ditutup Permanen? Ini Progres Terbaru Rencana KCI,1
"Kejar Target Pendapatan Rp 74,3 Miliar, Ini Strategi Jantra Grupo (KAQI)",1
"Tak Cuma Modal Viral, Pasangan Ini Sukses Bangun Brand Skincare Anak Berkualitas lewat Kanal LazMall di Lazada",1
"IHSG Melonjak 1,21 Persen Ditopang Saham Perbankan, Rupiah Perkasa",0
"Jangan Asal Pakai Dompet Digital, Terapkan 5 Kebiasaan Ini agar Saldo Tetap Aman",1
"Konflik Iran-Israel, Rosan: Investasi ke RI Tidak Terpengaruh",0
"Danantara Beri Pinjaman Rp 6,6 Triliun untuk Garuda Indonesia, Buat Jaga Keberlangsungan Operasional",0
"Skema Kerja ASN Masa Depan: Hybrid, Fleksibel, atau Kembali ke Kantor?",1
Bahlil Buka Peluang Impor Minyak dan Gas dari Rusia,0
"Israel Setuju Gencatan Senjata dengan Iran,  Harga Emas Anjlok ke Level Terendah 2 Pekan",0
Kemenkeu Pastikan APBN Masih Kuat Meredam Dampak Lonjakan Harga Minyak Dunia,0
"Dorong Kesadaran Lingkungan Jamaah Haji, BPKH Perkenalkan Panduan ""Green Hajj""",0
KCIC: Layangan Nyangkut di Jaringan Listrik Jalur Whoosh Meningkat saat Liburan Sekolah,0
"Rasio Utang Mengancam 40 Persen PDB, Pemerintah Diminta Waspada",0
Harga Minyak Turun ke Level Terendah Dua Pekan Setelah Israel Setuju Gencatan Senjata dengan Iran,0
"Bantah Pulau di Anambas Dijual, KKP: Sepertinya untuk Kerja Sama Investasi",0
Ribuan Cabang Tutup: Menuju Bank Tanpa Kantor,1
"Manfaatkan Momentum PRJ 2025, Kimia Farma Genjot Layanan Kesehatan Digital",0
Kapan KRL Buatan INKA Dioperasikan?,1
Kapan BSU Rp 600.000 Tahap 2 Cair? Ini Penjelasan Menaker Yassierli,1
"Dorong Kesejahteraan Masyarakat, Mandiri Sahabat Desa Bantu 200 Keluarga Risiko Stunting di NTT",0
"Penumpang KRL Keluhkan Eskalator Pintu Utara Stasiun Manggarai Rusak, KCI Buka Suara",0
Saham Apa yang Bagus untuk Pemula,1
"Bakal IPO, Emiten Djoko Susanto Trimitra Trans Persada (BLOG) Incar Rp 152 Miliar",0
Menaker Tegaskan Penyaluran BSU Rp 600.000 Tak Ada Potongan,0
Komut Akseleran: Memang Sedang Ada Permasalahan Pinjaman Gagal Bayar...,1
Badan Karantina Tahan Sayuran Asin Asal China,0
"Kini Bayar Tiket Kereta Bandara Bisa Pakai Visa Nirsentuh, Simak Caranya",1
"80.133 Koperasi Desa/Kelurahan Telah Terbentuk, Pemerintah Genjot Penguatan Lembaga",0
"Dugaan Gagal Bayar Fintech Lending Akseleran, Korban 19 Lender dengan Total Kerugian Rp 5,99 Miliar",0
"Tersandung Gagal Bayar, Akseleran Hentikan Penyaluran Pendanaan",0
"1,24 Juta Pekerja Belum Terima BSU 2025, Menaker: Dalam Proses",0
"Gandeng UMKM, Makan Bahagia Gratis Dukung Program Unggulan Pemerintah",0
"Schneider Electric Perluas Pabrik di Cikarang, Target Produksi Ditambah",0
"Soal Dampak Konflik Timur Tengah, Pemerintah: Kami Monitor dengan Ketat",0
"Proyek Panel Surya 1,4 GW Dimulai, Target Naikkan Produksi Nasional",0
"Pantau Perang Iran-Israel, Kemenkeu Pastikan Kondisi Ekonomi hingga Pasar Keuangan Indonesia Masih Aman",0
"5 Saham Bagikan Dividen Hari Ini, PBSA Paling Tinggi",1
Teknologi Stem Cell Jadi Ladang Baru Bisnis Kesehatan Kimia Farma,0
Cara Cek Penerima BSU 2025 di JMO Online,1
"Harga Tiket PRJ 2025 dan Cara Beli Online, Cek Jadwal Bukanya",1
"BSU Rp 600.000 Disalurkan Lewat Bank Himbara, BSI, dan Pos Indonesia",0
Bersahabat dengan Ekonomi Serabutan (Bagian II),1
"BSU Rp 600.000 Tahap 1 Sudah Ditransfer ke 2,45 Juta Penerima",0
Menakar Untung Rugi Konflik Israel-Iran Bagi Indonesia,1
Lolos Verifikasi Penerima BSU tapi Belum Cair? Ini Penyebabnya,1
Dampak Eskalasi Perang di Timur Tengah terhadap Ekonomi Indonesia,0
"Usai Trump Umumkan Gencatan Senjata Iran-Israel, Harga Minyak Turun Drastis",0
"Tak Disangka, 3 Perilaku Ini Diam-diam Bikin Investor Gagal Cuan",1
"Harga Emas di Pegadaian 24 Juni 2025: UBS Turun, Antam dan Galeri24 Stabil",0
"BSU Belum Semuanya Cair, Calon Penerima Keluhkan Status ""Verifikasi""",0
Bersahabat dengan Ekonomi Serabutan (Bagian I),1
"Kurs Masih Melemah, Simak Daftar Kurs Rupiah 5 Bank Besar di Indonesia",1
Harga Emas Antam Hari Ini 24 Juni 2025 Merosot Rp 10.000 Per Gram,0
"IHSG Naik 1,7 Persen di Pembukaan, Tekanan Masih Bayangi Rupiah",0
Lolos Verifikasi BSU tapi Belum Cair? Ini Kata BPJS Ketenagakerjaan,1
"Pabrik Perdana PepsiCo Hadir di Cikarang, Investasi Capai Rp 3,3 Triliun",0
"Setengah Penduduk Desa Bisa Jadi Anggota Kopdes Merah Putih, Apa Manfaatnya?",1
"Cek BSU 2025 Online di HP dengan NIK, Mudah dan Praktis",1
"Vietnam dan Singapura Saling Tukar Tenaga Kerja Terampil, Dapat Gaji Puluhan Juta Sebulan",1
"Selat Hormuz Ditutup, Pertamina Awasi Ketat Keamanan Kapal Tanker di Laut Internasional",0
Harga Minyak Mentah Turun 7 Persen Usai Serangan Balasan Iran ke AS,0
"Ini Tahapan Pencairan BSU 2025, Apakah Kamu Lolos?",1
